congressmember_id,person_id,party,chamber,constituency_id
1,1,D,H,253
2,2,D,H,85
3,3,R,H,313
4,4,D,H,366
5,5,R,H,276
6,6,R,H,425
7,7,R,H,473
8,8,D,H,173
9,9,R,H,442
10,10,D,H,496
11,11,D,H,64
12,12,D,H,75
13,13,R,H,18
14,14,R,H,40
15,15,R,H,199
16,16,R,H,392
17,17,R,H,103
18,18,D,H,478
19,19,D,H,398
20,20,R,H,489
21,21,D,H,503
22,22,R,H,160
23,23,R,H,359
24,24,R,H,194
25,25,D,H,367
26,26,R,H,NA
27,27,R,H,18
28,28,R,H,40
29,29,R,H,199
30,30,R,H,269
31,30,R,H,18
32,31,R,H,392
33,32,D,H,93
34,32,R,H,40
35,33,R,H,12
36,33,R,H,199
37,34,D,H,503
38,35,R,H,328
39,35,R,H,392
40,36,R,H,45
41,37,R,H,353
42,37,R,H,103
43,38,D,H,70
44,39,R,H,433
45,39,R,H,373
46,39,D,H,478
47,40,D,H,55
48,40,D,H,367
49,40,D,H,398
50,41,D,H,184
51,41,R,H,NA
52,41,D,H,503
53,42,D,H,503
54,43,D,H,212
55,44,R,H,45
56,45,R,H,268
57,46,D,H,22
58,47,R,H,326
59,47,R,H,232
60,47,D,H,212
61,47,R,H,160
62,48,R,H,5
63,48,R,H,149
64,48,R,H,45
65,48,R,H,359
66,49,D,H,404
67,49,D,H,348
68,49,R,H,268
69,49,R,H,194
70,50,R,H,304
71,50,D,H,116
72,50,D,H,22
73,51,D,H,344
74,51,D,H,225
75,51,D,H,509
76,51,D,H,70
77,52,R,H,189
78,53,D,H,8
79,54,D,H,445
80,55,R,H,192
81,56,D,H,282
82,57,NA,H,NA
83,58,R,H,3
84,59,R,H,500
85,60,I,H,486
86,61,R,H,107
87,62,R,H,314
88,63,R,H,19
89,64,R,H,89
90,65,R,H,180
91,66,D,H,338
92,67,D,H,60
93,68,D,H,511
94,69,D,H,228
95,70,D,H,172
96,71,D,H,166
97,72,D,H,428
98,73,D,H,364
99,74,R,H,303
100,75,R,H,439
101,76,R,H,190
102,77,R,H,296
103,78,D,H,210
104,79,D,H,450
105,80,R,H,176
106,81,D,H,57
107,82,R,H,29
108,83,D,H,224
109,84,R,H,476
110,85,D,H,396
111,86,R,H,322
112,87,R,H,47
113,88,R,H,NA
114,89,D,H,507
115,90,D,H,400
116,91,D,H,74
117,92,R,H,363
118,93,D,H,334
119,94,R,H,327
120,95,R,H,177
121,96,R,H,108
122,97,R,H,218
123,98,D,H,346
124,99,R,H,360
125,100,R,H,106
126,101,D,H,96
127,102,R,H,301
128,103,R,H,492
129,104,R,H,380
130,105,R,H,443
131,106,D,H,249
132,107,R,H,1
133,108,R,H,436
134,109,R,H,468
135,110,D,H,216
136,111,R,H,316
137,112,R,H,273
138,113,D,H,204
139,114,D,H,506
140,115,R,H,390
141,116,R,H,81
142,117,D,H,494
143,118,R,H,42
144,119,R,H,153
145,120,R,H,513
146,121,D,H,384
147,122,D,H,143
148,123,D,H,452
149,124,D,H,53
150,125,R,H,41
151,126,R,H,NA
152,127,R,H,317
153,128,D,H,73
154,129,R,H,34
155,130,R,H,221
156,131,R,H,469
157,132,R,H,83
158,133,D,H,NA
159,134,D,H,409
160,135,D,H,238
161,136,D,H,208
162,137,D,H,59
163,138,D,H,NA
164,139,D,H,NA
165,140,D,H,480
166,141,R,H,44
167,142,R,H,36
168,156,R,H,437
169,157,R,H,233
170,158,D,H,67
171,159,R,H,195
172,160,D,H,168
173,161,R,H,298
174,162,R,H,49
175,163,R,H,411
176,164,R,H,356
177,165,D,H,495
178,166,D,H,144
179,167,R,H,148
180,168,D,H,289
181,169,D,H,66
182,174,D,H,56
183,175,D,H,429
184,176,R,H,27
185,177,D,H,119
186,178,R,H,378
187,179,R,H,159
188,180,R,H,258
189,181,R,H,230
190,182,D,H,223
191,183,R,H,292
192,184,R,H,NA
193,185,D,H,406
194,186,R,H,162
195,187,R,H,431
196,188,R,H,491
197,189,R,H,394
198,190,R,H,321
199,191,D,H,205
200,192,R,H,90
201,193,R,H,441
202,194,D,H,91
203,195,D,H,504
204,196,D,H,245
205,197,D,H,NA
206,198,D,H,77
207,199,D,H,71
208,200,R,H,200
209,201,D,H,347
210,202,D,H,215
211,203,R,H,248
212,204,D,H,336
213,230,D,H,405
214,422,D,H,455
215,548,D,H,94
216,549,R,H,395
217,550,D,H,183
218,551,R,H,157
219,552,R,H,147
220,553,R,H,291
221,929,D,H,345
222,930,R,H,324
223,931,R,H,109
224,932,R,H,31
225,933,D,H,453
226,934,R,H,112
227,935,D,H,371
228,936,R,H,488
229,937,R,H,NA
230,938,R,H,84
231,939,D,H,211
232,940,R,H,279
233,941,R,H,354
234,942,D,H,479
235,943,R,H,256
236,944,D,H,349
237,945,D,H,13
238,946,D,H,115
239,947,R,H,257
240,948,D,H,483
241,949,D,H,457
242,950,D,H,335
243,951,D,H,NA
244,952,R,H,188
245,953,D,H,408
246,954,R,H,362
247,955,R,H,438
248,956,D,H,340
249,957,D,H,227
250,958,D,H,NA
251,959,R,H,220
252,960,R,H,332
253,961,D,H,343
254,962,R,H,300
255,963,R,H,155
256,964,D,H,167
257,973,D,H,337
258,974,D,H,482
259,975,D,H,481
260,976,D,H,69
261,977,D,H,284
262,978,R,H,421
263,979,R,H,NA
264,980,R,H,11
265,981,R,H,424
266,982,R,H,178
267,983,R,H,38
268,984,D,H,309
269,985,D,H,121
270,986,R,H,181
271,987,R,H,101
272,988,R,H,277
273,989,D,H,NA
274,990,D,H,207
275,991,R,H,388
276,992,R,H,475
277,993,R,H,413
278,994,D,H,78
279,995,R,H,99
280,996,D,H,214
281,997,D,H,61
282,998,D,H,342
283,999,D,H,458
284,1798,R,S,514
285,1799,D,S,385
286,1800,D,S,315
287,1801,D,S,15
288,1802,R,S,274
289,1803,R,S,315
290,1804,D,S,198
291,1805,R,S,498
292,1806,D,S,126
293,1807,R,S,2
294,1808,R,S,379
295,1809,D,S,206
296,1810,R,S,385
297,1811,R,S,88
298,1812,D,S,290
299,1813,R,S,255
300,1814,D,S,420
301,1815,R,S,26
302,1816,D,S,145
303,1817,D,S,311
304,1818,D,S,372
305,1819,R,S,191
306,1820,R,S,98
307,1821,R,S,407
308,1822,R,S,430
309,1823,D,S,NA
310,1824,R,S,272
311,1825,D,S,175
312,1835,R,S,10
313,1836,D,S,80
314,1837,R,S,265
315,1838,D,S,512
316,1839,R,S,288
317,1840,D,S,418
318,1841,R,S,467
319,1842,D,S,145
320,1843,D,S,508
321,1844,D,S,311
322,1845,D,S,487
323,1846,R,S,198
324,1847,D,S,498
325,1848,D,S,151
326,1849,D,S,226
327,1850,D,S,352
328,1851,D,S,95
329,1852,R,S,297
330,1853,R,S,NA
331,1854,R,S,410
332,1855,R,S,154
333,1856,R,S,484
334,1857,R,S,10
335,1858,R,S,15
336,1859,D,S,274
337,1877,D,S,226
338,1878,R,S,265
339,1879,D,S,98
340,1880,R,S,NA
341,1881,D,S,508
342,1882,R,S,430
343,1883,R,S,288
344,1884,R,S,186
345,1885,D,S,484
346,1886,D,S,255
347,1887,R,S,294
348,2111,D,S,320
349,2112,R,S,472
350,2113,D,S,175
351,2114,R,S,151
352,2115,R,S,126
353,2269,NA,S,NA
354,2338,R,S,407
355,2339,D,H,237
356,2340,D,H,415
357,2341,R,H,435
358,2342,R,H,110
359,2343,R,H,196
360,2356,R,H,500
361,2357,R,H,292
362,2358,R,H,156
363,2359,R,H,75
364,2360,D,H,173
365,2361,R,H,380
366,2362,R,H,199
367,2363,R,H,152
368,2364,D,H,270
369,2365,D,H,118
370,2366,D,H,381
371,2367,D,H,501
372,2368,R,H,505
373,2369,D,H,195
374,2370,R,H,197
375,2371,D,H,NA
376,2372,R,H,39
377,2373,R,H,401
378,2374,R,H,NA
379,2375,D,H,283
380,2376,D,H,427
381,2377,R,H,247
382,2378,R,H,423
383,2379,R,H,234
384,2380,R,H,295
385,2381,D,H,451
386,2382,D,H,251
387,2383,D,H,244
388,2386,D,H,165
389,2387,D,H,370
390,2388,R,H,102
391,2389,D,H,369
392,2390,R,H,231
393,2391,R,H,193
394,2392,D,H,222
395,2393,D,H,368
396,2394,R,H,259
397,2395,D,H,76
398,2396,D,H,NA
399,2397,R,H,333
400,2398,R,H,161
401,2399,R,H,314
402,2400,R,H,278
403,2401,R,H,377
404,2402,R,H,NA
405,2403,D,H,NA
406,2404,R,H,219
407,2405,D,H,339
408,2406,D,H,NA
409,2407,R,H,146
410,2408,R,H,358
411,2409,D,H,426
412,2410,D,H,448
413,2411,R,H,389
414,2412,D,H,456
415,2413,R,H,434
416,2414,D,H,403
417,2415,R,H,376
418,2416,R,H,330
419,2417,D,H,254
420,2418,R,H,NA
421,2419,R,H,28
422,2420,R,H,357
423,2421,R,H,111
424,2422,R,H,201
425,2423,D,H,72
426,2424,D,H,340
427,2425,D,H,52
428,2426,D,H,391
429,2427,R,H,NA
430,2428,D,H,NA
431,2429,D,H,262
432,2430,D,H,341
433,2431,R,H,275
434,2432,D,H,114
435,2433,D,H,9
436,2434,R,H,329
437,2435,R,H,68
438,2436,D,H,NA
439,2437,D,H,308
440,2438,D,H,305
441,2439,R,H,33
442,2441,R,H,323
443,2442,D,H,312
444,2443,R,H,392
445,2444,R,H,153
446,2445,D,H,NA
447,2446,R,H,286
448,2447,D,H,55
449,2448,D,H,493
450,2455,D,H,92
451,2456,D,H,285
452,2457,R,H,7
453,2458,R,H,113
454,2459,R,H,32
455,2460,R,H,474
456,2472,R,H,331
457,2473,R,H,104
458,2474,D,H,NA
459,2475,D,H,241
460,2476,D,H,185
461,2521,D,H,307
462,2789,R,H,414
463,2827,NA,H,NA
464,2840,D,H,NA
465,3108,R,H,470
466,3109,D,H,240
467,3110,D,H,492
468,3111,D,H,190
469,3112,D,H,213
470,3113,R,H,62
471,3114,D,H,91
472,3115,D,H,337
473,3116,D,H,383
474,3117,D,H,399
475,3118,R,H,374
476,3127,D,H,NA
477,3132,D,H,404
478,3133,R,H,419
479,3134,D,H,449
480,3135,D,H,317
481,3136,D,H,366
482,3137,D,H,167
483,3138,R,H,324
484,3139,R,H,411
485,3316,NA,H,NA
486,3317,D,S,217
487,3318,R,S,418
488,3319,R,H,6
489,4004,D,S,15
490,4005,R,S,175
491,4014,D,S,420
492,4015,R,S,191
493,4071,D,S,NA
494,4088,D,S,288
495,4089,D,S,410
496,4112,R,S,372
497,4113,R,S,410
498,4115,R,S,246
499,4138,R,S,229
500,4448,D,S,512
501,5099,D,H,454
502,5100,D,H,268
503,5101,R,H,240
504,5102,D,H,264
505,5103,R,H,328
506,5104,D,H,330
507,5105,R,H,356
508,5106,R,H,403
509,5107,R,H,477
510,5108,R,H,511
511,5109,D,H,171
512,5110,R,H,202
513,5111,R,H,280
514,5112,D,H,397
515,5113,R,H,361
516,5114,R,H,302
517,5115,D,H,12
518,5121,R,H,101
519,5122,R,H,395
520,5123,R,H,474
521,5124,R,H,480
522,5125,D,H,64
523,5126,D,H,62
524,5127,D,S,255
525,5128,D,H,48
526,5129,R,H,113
527,5130,R,H,160
528,5131,R,H,NA
529,5132,R,H,431
530,5133,D,H,470
531,5134,R,H,21
532,5135,D,H,68
533,5136,D,H,249
534,5137,R,H,273
535,5138,R,H,293
536,5139,D,H,377
537,5145,D,H,209
538,5390,D,H,211
539,5391,D,H,402
540,5392,D,H,271
541,5393,D,H,117
542,5394,D,H,150
543,5395,R,H,187
544,5396,R,H,131
545,5397,R,H,94
546,5398,R,H,164
547,5399,R,H,178
548,5400,D,H,174
549,5401,D,H,252
550,5402,R,H,325
551,5841,R,H,NA
552,5842,R,H,177
553,5843,R,H,256
554,5844,R,H,262
555,5845,D,H,408
556,5846,R,H,386
557,5847,D,H,63
558,5971,R,S,484
559,5972,D,S,498
560,6021,D,H,NA
561,6028,R,H,251
562,6029,D,H,490
563,6030,R,H,11
564,6421,D,S,265
565,6425,D,H,459
566,6426,D,H,NA
567,6603,D,S,126
568,6604,D,S,352
569,6605,D,S,311
570,8347,D,H,60
571,8348,R,H,99
572,8349,R,H,123
573,8350,R,H,149
574,8351,R,H,421
575,8352,R,H,461
576,8353,D,H,33
577,8360,R,H,5
578,8361,D,H,57
579,8362,R,H,130
580,8363,D,H,287
581,8364,D,H,423
582,8365,R,H,432
583,8366,R,H,469
584,8367,R,H,438
585,8373,D,H,9
586,8374,R,H,22
587,8375,R,H,119
588,8376,R,H,122
589,8377,D,H,135
590,8378,D,H,172
591,8379,R,H,232
592,8380,R,H,302
593,8381,R,H,413
594,8382,R,H,439
595,8383,D,H,427
596,8386,D,H,42
597,8387,R,H,21
598,8388,D,H,24
599,8389,R,H,27
600,8390,R,H,313
601,8391,R,H,375
602,8402,D,H,29
603,8403,D,H,116
604,8420,D,H,197
605,8421,D,H,310
606,8443,R,H,239
607,8444,R,H,371
608,8445,R,H,399
609,8446,D,H,451
610,8458,D,H,216
611,8462,R,H,355
612,8463,D,H,79
613,8464,R,H,412
614,8465,D,H,144
615,8466,R,H,81
616,8467,R,H,138
617,8468,R,H,251
618,8469,R,H,318
619,8470,D,H,328
620,8471,D,H,365
621,8512,R,H,87
622,8513,R,H,177
623,8514,D,H,227
624,8515,R,H,405
625,8603,R,S,430
626,8604,R,H,103
627,8605,D,H,139
628,8890,NA,H,NA
629,9382,D,H,NA
630,9383,R,H,296
631,9447,D,H,14
632,9752,R,H,203
633,10118,R,H,107
634,10253,R,S,255
635,10254,D,S,15
636,10266,R,S,288
637,10306,R,S,467
638,10307,R,S,2
639,10863,NA,S,NA
640,11083,NA,S,NA
641,11163,NA,S,NA
642,11399,R,H,131
643,11400,D,H,162
644,11401,R,H,195
645,11402,D,H,NA
646,11403,R,H,275
647,11404,D,H,455
648,11405,D,H,504
649,11406,R,H,NA
650,11417,D,H,53
651,11418,D,H,174
652,11419,R,H,183
653,11420,D,H,203
654,11421,R,H,452
655,11422,R,H,491
656,11423,D,H,71
657,11430,R,H,134
658,11431,R,H,278
659,11432,D,H,323
660,11433,R,H,401
661,11434,R,H,453
662,11435,R,H,NA
663,11443,D,H,377
664,11444,R,H,454
665,11445,R,H,480
666,11447,R,H,445
667,11450,D,H,260
668,11451,R,H,233
669,11463,R,H,201
670,11504,NA,H,NA
671,11527,D,H,138
672,11528,R,H,NA
673,11764,R,H,389
674,11935,R,H,75
675,12256,NA,H,NA
676,12451,D,H,263
677,12609,R,H,291
678,12610,R,H,450
679,12917,R,H,479
680,13061,D,H,84
681,13062,D,H,391
682,13351,D,S,88
683,14726,D,H,446
684,14727,D,H,110
685,14728,D,H,177
686,14729,D,H,179
687,14730,D,H,188
688,14731,R,H,NA
689,14732,D,H,247
690,14733,R,H,293
691,14734,D,H,322
692,14735,D,H,361
693,14736,D,H,505
694,14753,R,H,NA
695,14757,D,H,NA
696,14886,D,H,NA
697,14887,R,H,NA
698,14888,D,H,368
699,14889,D,H,NA
700,14901,D,H,308
701,14902,D,H,87
702,14903,D,H,92
703,14904,D,H,105
704,14905,R,H,157
705,14906,R,H,254
706,14907,D,H,295
707,14912,D,H,94
708,14913,D,H,148
709,14914,D,H,NA
710,14915,D,H,192
711,14916,D,H,223
712,14917,D,H,296
713,14918,D,H,346
714,14919,D,H,403
715,14920,D,H,387
716,14921,R,H,424
717,14932,D,H,44
718,14933,R,H,83
719,14934,R,H,111
720,14935,R,H,103
721,14936,D,H,332
722,14943,D,H,18
723,14944,D,H,23
724,14945,R,H,128
725,14946,D,H,NA
726,14947,D,H,NA
727,14954,D,H,147
728,14955,D,H,276
729,14956,D,H,327
730,14957,R,H,373
731,14958,D,H,392
732,14969,D,H,419
733,14977,R,H,316
734,15024,R,H,NA
735,15028,D,H,118
736,15041,D,H,389
737,15042,D,H,NA
738,15667,D,H,306
739,16112,D,H,NA
740,16113,D,H,NA
741,16675,R,H,152
742,17059,D,H,NA
743,17252,D,H,416
744,17253,R,H,500
745,18146,D,H,218
746,18391,D,S,484
747,18392,D,S,274
748,18395,D,S,255
749,18396,D,S,407
750,18403,D,S,265
751,18404,D,S,410
752,18413,R,S,430
753,18414,R,S,NA
754,18905,R,S,514
755,19044,NA,S,NA
756,19045,NA,S,NA
757,19893,D,H,81
758,19894,D,H,269
759,19895,D,H,322
760,19896,R,H,424
761,19915,R,H,110
762,19916,NA,H,NA
763,20045,NA,H,NA
764,20046,NA,H,NA
765,20048,NA,H,NA
766,20051,NA,H,NA
767,20097,NA,H,NA
768,20175,NA,H,NA
769,20176,NA,H,NA
770,20188,NA,H,NA
771,20221,NA,H,NA
772,20400,R,H,NA
773,20401,NA,H,NA
774,20404,NA,H,NA
775,20405,NA,H,NA
776,20424,NA,H,NA
777,20425,NA,H,NA
778,20435,NA,H,NA
779,20440,D,H,306
780,20456,NA,H,NA
781,20473,R,H,8
782,20728,NA,H,NA
783,20758,NA,H,NA
784,20795,NA,H,NA
785,20862,NA,H,NA
786,20863,R,H,188
787,21133,NA,H,NA
788,21360,NA,H,NA
789,21361,D,H,312
790,21369,NA,H,NA
791,21393,R,H,437
792,21400,NA,H,NA
793,21534,R,H,422
794,21535,NA,H,NA
795,21728,NA,H,NA
796,21729,NA,H,NA
797,21730,NA,H,NA
798,21731,NA,H,NA
799,21732,NA,H,NA
800,21733,NA,H,NA
801,21734,NA,H,NA
802,21735,NA,H,NA
803,21736,NA,H,NA
804,21737,NA,H,NA
805,21738,NA,H,NA
806,21739,NA,H,NA
807,21745,NA,H,NA
808,21871,NA,H,NA
809,21878,NA,H,NA
810,21879,D,H,242
811,22373,NA,H,NA
812,22374,NA,H,NA
813,22527,R,H,414
814,22595,NA,H,NA
815,22596,NA,H,NA
816,22597,NA,H,NA
817,22598,NA,H,NA
818,22668,NA,H,NA
819,22770,NA,H,NA
820,22771,NA,H,NA
821,22829,NA,H,NA
822,22830,NA,H,NA
823,22831,NA,H,NA
824,22834,D,S,294
825,22835,NA,S,NA
826,22836,NA,H,NA
827,22837,R,H,160
828,22838,D,S,484
829,22870,NA,H,NA
830,23023,NA,H,NA
831,23309,NA,H,NA
832,23310,D,S,385
833,23412,NA,H,NA
834,23625,NA,H,NA
835,23688,NA,H,NA
836,23701,NA,H,NA
837,23722,NA,H,NA
838,23723,NA,H,NA
839,23998,D,S,255
840,24028,R,S,154
841,24083,NA,H,NA
842,24245,NA,H,NA
843,24248,R,H,134
844,24378,D,H,137
845,24379,D,H,169
846,24380,R,H,273
847,24381,NA,H,NA
848,24382,R,H,162
849,24383,D,H,205
850,24384,D,H,216
851,24385,D,H,244
852,24386,R,H,233
853,24387,R,H,259
854,24388,R,H,337
855,24389,R,H,413
856,24392,R,H,8
857,24397,D,H,347
858,24398,D,H,9
859,24399,R,H,17
860,24400,D,H,NA
861,24401,R,H,123
862,24402,R,H,158
863,24403,R,H,179
864,24404,R,H,221
865,24405,R,H,221
866,24406,R,H,236
867,24407,R,H,252
868,24408,R,H,268
869,24409,D,H,NA
870,24418,R,H,185
871,24419,R,H,36
872,24420,R,H,326
873,24421,R,H,NA
874,24422,R,H,316
875,24428,R,H,327
876,24429,R,H,14
877,24430,D,H,66
878,24431,NA,H,NA
879,24432,NA,H,NA
880,24437,NA,H,NA
881,24447,NA,H,NA
882,24465,R,H,101
883,24552,R,H,NA
884,24553,R,H,7
885,24554,R,H,180
886,24555,R,H,318
887,24556,R,H,400
888,24557,R,H,411
889,24558,R,H,419
890,24559,R,H,423
891,24634,R,H,196
892,24635,R,H,202
893,24636,R,H,267
894,24637,R,H,298
895,24638,R,H,442
896,24639,R,H,159
897,24640,R,H,189
898,24641,R,H,509
899,24669,NA,H,NA
900,24670,NA,H,NA
901,24785,NA,H,NA
902,24833,NA,H,NA
903,25047,D,H,97
904,25048,R,H,332
905,25124,D,H,89
906,25125,R,H,104
907,25126,R,H,258
908,25127,R,H,18
909,25128,D,H,NA
910,25129,R,H,160
911,25130,R,H,234
912,25131,R,H,296
913,25132,R,H,333
914,25133,R,H,354
915,25134,R,H,359
916,25135,R,H,429
917,25136,R,H,503
918,25304,R,H,NA
919,25305,R,H,392
920,25306,R,H,460
921,25307,R,H,480
922,25308,D,H,351
923,25309,D,H,NA
924,25525,NA,H,NA
925,25782,NA,H,NA
926,25816,D,H,NA
927,25817,D,H,172
928,25818,R,H,21
929,25819,R,H,152
930,25820,R,H,235
931,25821,R,H,373
932,25906,R,H,414
933,25908,NA,H,NA
934,25909,D,H,116
935,25910,NA,H,NA
936,25916,NA,H,NA
937,25917,NA,H,NA
938,25937,NA,H,NA
939,26102,NA,H,NA
940,26103,NA,H,NA
941,26104,NA,H,NA
942,26159,NA,H,NA
943,26275,NA,H,NA
944,26286,NA,H,NA
945,26366,R,H,183
946,26591,D,H,64
947,26731,NA,H,NA
948,26816,NA,H,NA
949,26818,R,H,248
950,26819,R,H,289
951,26820,R,H,426
952,26841,NA,H,NA
953,26842,NA,H,NA
954,26852,R,H,204
955,26853,NA,H,NA
956,26876,NA,H,NA
957,26923,NA,H,NA
958,26993,NA,H,NA
959,27040,R,S,186
960,27062,D,S,512
961,27063,R,S,297
962,27266,NA,H,NA
963,27291,R,S,126
964,27340,NA,H,NA
965,27586,D,S,98
966,27646,NA,H,NA
967,27682,NA,H,NA
968,27803,R,S,472
969,27808,NA,H,NA
970,27809,NA,H,NA
971,28010,NA,H,NA
972,28019,NA,S,NA
973,28020,R,S,508
974,28021,NA,H,NA
975,28022,R,H,260
976,28023,R,H,332
977,28024,R,H,503
978,28025,D,H,493
979,28026,D,H,43
980,28027,R,H,117
981,28028,D,H,168
982,28029,R,H,156
983,28030,D,H,170
984,28031,D,H,295
985,28032,D,H,348
986,28033,R,H,323
987,28034,D,H,433
988,28035,D,H,464
989,28036,R,H,201
990,28037,D,H,252
991,28038,D,H,314
992,28076,R,H,492
993,28077,R,H,27
994,28078,R,H,370
995,28079,D,H,114
996,28080,R,H,190
997,28081,R,H,269
998,28082,R,H,425
999,28083,NA,H,NA
1000,28084,R,H,11
1001,28085,R,H,470
1002,28086,R,H,463
1003,28087,R,H,12
1004,28088,D,H,59
1005,28089,R,H,70
1006,28090,D,H,29
1007,28091,R,H,102
1008,28092,R,H,NA
1009,28093,D,H,105
1010,28094,R,H,133
1011,28095,D,H,144
1012,28096,D,H,160
1013,28097,R,H,176
1014,28098,R,H,276
1015,28099,R,H,284
1016,28100,D,H,340
1017,28101,R,H,403
1018,28102,R,H,440
1019,28103,D,H,449
1020,28109,D,H,NA
1021,28110,D,H,48
1022,28111,R,H,273
1023,28112,D,H,319
1024,28113,D,H,459
1025,28117,R,H,398
1026,28118,R,H,NA
1027,28124,D,H,317
1028,28125,R,H,NA
1029,28126,R,H,100
1030,28127,R,H,195
1031,28128,D,H,92
1032,28129,R,H,377
1033,28130,R,H,417
1034,28131,R,H,451
1035,28132,R,H,NA
1036,28133,D,H,327
1037,28134,D,H,61
1038,28135,D,H,39
1039,28136,D,H,32
1040,28137,R,H,289
1041,28138,R,H,376
1042,28139,D,H,466
1043,28140,D,H,496
1044,28141,D,H,207
1045,28144,R,H,127
1046,28145,D,H,60
1047,28146,D,H,162
1048,28147,R,H,232
1049,28148,D,H,169
1050,28150,R,H,41
1051,28151,D,H,49
1052,28152,R,H,177
1053,28153,D,H,342
1054,28154,D,H,501
1055,28155,R,H,82
1056,28156,D,H,62
1057,28157,R,H,360
1058,28162,D,H,214
1059,28184,R,H,200
1060,28185,R,H,118
1061,28186,D,H,143
1062,28190,R,H,5
1063,28414,R,H,281
1064,28418,R,H,489
1065,28755,R,H,416
1066,28756,D,H,25
1067,28757,R,H,197
1068,28758,D,H,220
1069,28759,D,H,241
1070,28760,R,H,256
1071,28761,R,H,279
1072,28762,D,H,371
1073,28763,D,H,497
1074,29453,D,H,NA
1075,29457,D,H,388
1076,29460,NA,H,NA
1077,29564,NA,H,NA
1078,30015,NA,H,NA
1079,30023,NA,H,NA
1080,30084,R,H,257
1081,30176,R,H,115
1082,30213,D,H,69
1083,30286,R,H,168
1084,30287,R,H,201
1085,30288,R,H,328
1086,30289,R,H,405
1087,30583,D,S,NA
1088,30587,NA,S,NA
1089,30604,R,S,NA
1090,30605,D,S,NA
1091,30606,R,S,NA
1092,30607,R,S,NA
1093,30615,D,S,NA
1094,30616,R,S,467
1095,30617,D,S,311
1096,30626,I,S,229
1097,30657,D,S,290
1098,30807,D,S,145
1099,30808,R,S,294
1100,30809,R,S,NA
1101,30817,D,S,NA
1102,31144,D,S,484
1103,31644,R,H,NA
1104,31645,D,H,NA
1105,31646,R,H,NA
1106,31648,D,H,284
1107,31649,D,H,NA
1108,31650,D,H,NA
1109,31651,R,H,NA
1110,31652,R,H,NA
1111,31653,R,H,230
1112,31654,R,H,254
1113,31655,R,H,285
1114,31656,D,H,NA
1115,31657,R,H,NA
1116,31659,D,H,68
1117,31660,D,H,115
1118,31661,R,H,138
1119,31662,R,H,230
1120,31663,D,H,292
1121,31664,R,H,269
1122,31855,R,H,510
1123,31858,R,H,6
1124,31859,D,H,44
1125,31860,D,H,66
1126,31861,R,H,81
1127,31862,R,H,128
1128,31863,R,H,147
1129,31864,D,H,242
1130,31865,R,H,277
1131,31866,D,H,303
1132,31867,R,H,373
1133,31868,R,H,433
1134,31869,R,H,502
1135,31873,D,H,305
1136,31874,R,H,22
1137,31875,D,H,69
1138,31876,R,H,130
1139,31877,R,H,327
1140,31878,R,H,456
1141,31887,R,H,30
1142,31888,R,H,125
1143,31889,R,H,NA
1144,31890,R,H,NA
1145,31891,R,H,463
1146,31892,R,H,NA
1147,31900,R,H,319
1148,31901,R,H,473
1149,31915,R,H,118
1150,31916,D,H,24
1151,31917,R,H,347
1152,31919,D,H,143
1153,31920,R,H,37
1154,31921,D,H,210
1155,31922,R,H,273
1156,31923,D,H,307
1157,31924,R,H,301
1158,31926,D,H,NA
1159,31936,R,H,37
1160,31937,R,H,273
1161,31976,D,H,NA
1162,31977,R,H,NA
1163,32046,R,H,477
1164,32047,R,H,129
1165,32048,R,H,240
1166,32088,D,H,NA
1167,32089,R,H,NA
1168,32090,R,H,NA
1169,32091,R,H,NA
1170,32476,R,H,84
1171,32477,R,H,14
1172,32478,R,H,471
1173,32489,R,H,NA
1174,32490,R,H,NA
1175,32550,D,H,NA
1176,32793,D,H,NA
1177,32794,R,H,NA
1178,32795,R,H,NA
1179,32796,D,H,NA
1180,32797,R,H,NA
1181,32969,R,H,NA
1182,32970,R,H,NA
1183,32971,R,H,NA
1184,33247,R,H,12
1185,33248,R,H,163
1186,33249,R,H,163
1187,33250,R,H,NA
1188,33254,R,H,NA
1189,33257,D,H,478
1190,33299,D,H,NA
1191,33619,D,H,245
1192,33620,R,H,511
1193,33843,NA,H,NA
1194,33919,R,H,257
1195,34051,NA,H,NA
1196,34058,R,S,151
1197,34059,R,S,141
1198,34060,R,S,288
1199,34067,R,S,420
1200,34068,R,S,NA
1201,34071,R,S,NA
1202,34072,R,S,NA
1203,34073,R,S,NA
1204,34505,R,S,NA
1205,34513,NA,S,NA
1206,34919,R,H,NA
1207,34920,D,H,NA
1208,34921,D,H,NA
1209,34922,D,H,NA
1210,34923,R,H,NA
1211,34924,D,H,NA
1212,34925,D,H,NA
1213,34926,R,H,NA
1214,34927,R,H,NA
1215,34928,R,H,NA
1216,34929,R,H,NA
1217,34957,D,H,NA
1218,34958,D,H,NA
1219,34959,R,H,NA
1220,34966,D,H,NA
1221,34967,R,H,NA
1222,34968,R,H,NA
1223,34969,D,H,NA
1224,34970,D,H,NA
1225,34974,R,H,NA
1226,34978,D,H,NA
1227,34979,R,H,NA
1228,34991,R,H,NA
1229,34992,D,H,NA
1230,34993,R,H,NA
1231,34994,R,H,NA
1232,34995,R,H,NA
1233,35019,R,H,NA
1234,35066,R,H,NA
1235,35138,D,H,NA
1236,35139,R,H,NA
1237,35140,D,H,NA
1238,35141,R,H,NA
1239,35163,D,H,NA
1240,35185,R,H,NA
1241,35186,D,H,NA
1242,35232,R,H,NA
1243,35233,R,H,NA
1244,35331,R,H,NA
1245,35332,D,H,NA
1246,35333,R,H,NA
1247,35347,R,H,NA
1248,35381,D,S,NA
1249,35416,R,S,NA
1250,35418,D,S,NA
1251,35422,NA,S,NA
