constituency_id,congress,census_district_id,land_sqm,population_total,population_per_sqm,density_quintile
1,111,200,570640.95,713985,1.251198324,1
1,112,200,570838.98,722718,1.266062805,1
1,113,200,570640.95,735132,1.288256652,1
1,114,200,570600.852,738432,1.29413056,1
5,113,101,6066.835,695176,114.5862711,2
5,114,101,6066.83,706302,116.4202722,2
5,111,101,6304.328,689835,109.4224476,2
5,112,101,6304.34,693871,110.0624332,2
7,111,102,10483.758,666779,63.60114379,1
7,112,102,10483.793,675534,64.43602998,1
7,114,102,10141.613,686622,67.7034314,1
7,113,102,10141.634,690074,68.04367028,1
4,113,103,7543.861,697761,92.49388344,2
4,111,103,7818.685,690081,88.26049393,2
4,114,103,7544.021,703986,93.31707852,2
4,112,103,7818.777,683940,87.47403846,2
3,113,104,8888.772,685175,77.08320114,1
3,114,104,8889.225,684685,77.02415002,1
3,111,104,8357.668,659152,78.86793302,1
3,112,104,8358.147,663272,79.35634537,1
8,111,105,4466.522,719906,161.1782053,2
8,113,105,3677.312,701220,190.6881983,3
8,112,105,4466.552,724822,162.277748,2
8,114,105,3677.339,708972,192.7948443,3
6,113,106,4170.783,697436,167.2194406,2
6,114,106,4170.865,700691,167.9965667,2
6,111,106,4550.418,747579,164.2879841,2
6,112,106,4550.45,756153,166.171038,2
9,111,107,8663.947,611966,70.63362691,1
9,112,107,8663.965,605148,69.84654255,1
9,114,107,10156.057,667721,65.7460863,1
9,113,107,10156.129,666880,65.66281307,1
13,111,501,17165.277,688562,40.11365503,1
13,112,501,17165.604,689463,40.16537956,1
13,113,501,19318.286,729971,37.78653034,1
13,114,501,19318.642,722402,37.39403629,1
14,111,502,5908.105,753672,127.5657762,2
14,112,502,5908.124,761152,128.8314192,2
14,113,502,4978.122,751463,150.9531104,2
14,114,502,4979.689,761348,152.8906725,2
11,111,503,8468.016,825495,97.48387344,2
11,112,503,8468.073,835605,98.67711344,2
11,113,503,5400.989,757765,140.301156,2
11,114,503,5399.015,782717,144.9740369,2
12,111,504,20494.079,653877,31.90565431,1
12,112,504,20494.181,651759,31.80214911,1
12,113,504,22338.081,720174,32.23974342,1
12,114,504,22338.264,711737,31.86178657,1
21,111,401,58573.066,781608,13.34415378,1
21,114,401,55039.334,759663,13.80218373,1
21,113,401,55039.609,723969,13.15359998,1
21,112,401,58573.035,782847,13.36531392,1
22,112,402,20221.884,977812,48.3541494,1
22,114,402,7838.151,713631,91.04583466,2
22,113,402,7838.122,717970,91.599748,2
22,111,402,20222.31,984825,48.69992597,1
17,111,403,598.057,691893,1156.901432,4
17,114,403,15688.59,761488,48.53769523,1
17,112,403,598.071,744992,1245.658124,4
17,113,403,15688.791,722963,46.08149857,1
19,111,404,198.996,708666,3561.20726,5
19,114,404,33199.533,739374,22.27061447,1
19,112,404,199.011,706413,3549.61786,5
19,113,404,33199.451,732689,22.06931072,1
18,111,405,1404.147,660446,470.3538874,3
18,112,405,1404.377,670825,477.6673215,3
18,114,405,293.526,789400,2689.369937,4
18,113,405,293.465,759102,2586.686658,4
20,114,406,624.875,749808,1199.932787,4
20,113,406,625.069,737884,1180.484075,4
20,112,406,723.652,976065,1348.804398,4
20,111,406,723.28,970648,1342.008627,4
24,111,407,22871.673,866463,37.88367384,1
24,114,407,205.119,769597,3751.953744,5
24,113,407,205.119,749222,3652.621161,5
24,112,407,22871.447,848389,37.09380521,1
23,111,408,9002.556,749188,83.21947678,2
23,112,408,9002.362,775162,86.10651294,2
23,114,408,539.417,767981,1423.724132,4
23,113,408,539.665,741374,1373.767059,4
25,114,409,164.754,777123,4716.868786,5
25,113,409,164.792,741451,4499.314287,5
35,114,601,28087.32,710344,25.29055816,1
35,111,601,10989.835,710852,64.68268177,1
35,112,601,10989.93,706481,64.2843949,1
35,113,601,28089.473,707992,25.20488725,1
54,114,610,1818.722,739784,406.7603515,3
54,113,610,1818.795,722266,397.1123739,3
54,112,610,1005.958,725592,721.2945272,4
54,111,610,1005.812,711957,707.8430164,4
44,113,611,493.607,733916,1486.842772,4
44,112,611,2272.587,796102,350.3065009,3
44,111,611,2271.612,790726,348.0902548,3
44,114,611,493.534,752786,1525.297143,4
74,114,612,38.993,749688,19226.22009,5
74,113,612,38.975,734662,18849.57024,5
74,111,612,116.36,655978,5637.487109,5
74,112,612,116.414,654689,5623.799543,5
56,113,613,96.792,732753,7570.388049,5
56,112,613,221.93,678312,3056.423197,5
56,111,613,221.914,667840,3009.454113,5
56,114,613,96.791,755776,7808.329287,5
50,114,614,259.554,757062,2916.780323,5
50,113,614,259.504,721245,2779.321321,5
50,111,614,825.943,654654,792.6140182,4
50,112,614,825.946,665921,806.2524669,4
48,111,615,286.311,688250,2403.85455,4
48,114,615,599.569,771800,1287.258014,4
48,112,615,286.327,696695,2433.214472,4
48,113,615,599.449,734837,1225.854076,4
78,111,616,229.145,668121,2915.712758,5
78,113,616,2839.508,715257,251.8946944,3
78,114,616,2839.503,740625,260.8290958,3
78,112,616,229.132,675185,2946.707575,5
73,111,617,4778.054,664462,139.0654019,2
73,113,617,184.851,732118,3960.584471,5
73,114,617,184.36,760444,4124.777609,5
73,112,617,4778.059,672672,140.7835274,2
57,113,618,696.124,731201,1050.389011,4
57,112,618,3057.001,740984,242.3891912,3
57,111,618,3057.116,726204,237.5454513,3
57,114,618,696.15,738774,1061.228184,4
36,113,619,915.343,746071,815.0726012,4
36,112,619,6676.867,767195,114.903442,2
36,111,619,6676.893,759459,113.7443718,2
36,114,619,915.928,765143,835.3746146,4
49,111,602,21737.649,707923,32.56667729,1
49,113,602,12952.233,713816,55.11142364,1
49,114,602,12952.457,720346,55.614622,1
49,112,602,21737.833,706272,32.4904511,1
53,111,620,4972.587,743070,149.4332829,2
53,114,620,4874.244,733752,150.5365755,2
53,112,620,4972.539,742267,149.2732385,2
53,113,620,4874.216,725199,148.7826965,2
27,111,621,8028.883,794639,98.97254699,2
27,114,621,6729.912,716371,106.4458198,2
27,112,621,8029.788,798337,99.42192745,2
27,113,621,6729.942,711414,105.7087862,2
76,112,622,10403.676,801041,76.99595797,1
76,114,622,1165.19,741313,636.2164111,3
76,111,622,10403.52,801417,77.03325413,1
76,113,622,1165.122,730271,626.7764234,3
34,112,623,1040.113,697463,670.5646406,4
34,113,623,9898.002,726292,73.37763722,1
34,114,623,9898.13,738690,74.62924815,1
34,111,623,1040.128,696273,669.4108802,4
52,113,624,6883.347,722008,104.8919951,2
52,111,624,3879.481,687108,177.1133819,2
52,114,624,6883.418,736757,107.0335987,2
52,112,624,3879.358,694489,179.0216319,2
37,113,625,1690.502,716815,424.0249346,3
37,114,625,1690.647,720316,426.0593725,3
37,111,625,21468.305,833546,38.82681935,1
37,112,625,21468.326,854447,39.80035518,1
61,113,626,939.12,712804,759.0126927,4
61,114,626,939.145,725084,772.068211,4
61,111,626,751.722,702191,934.1099502,4
61,112,626,751.739,699167,930.0661533,4
38,112,627,150.641,703110,4667.454411,5
38,111,627,150.642,694684,4611.489492,5
38,113,627,699.904,716835,1024.19046,4
38,114,627,699.92,733239,1047.604012,4
31,111,628,76.774,661126,8611.326751,5
31,113,628,218.451,708212,3241.971884,5
31,114,628,218.454,714897,3272.52877,5
31,112,628,76.776,644752,8397.832656,5
60,113,629,92.031,692267,7522.106681,5
60,112,629,101.026,647037,6404.658207,5
60,111,629,101.013,639084,6326.750022,5
60,114,629,92.034,720532,7828.976248,5
75,113,603,6183.586,714407,115.5327993,2
75,111,603,3372.717,790923,234.506186,3
75,112,603,3372.984,794092,235.427147,3
75,114,603,6183.816,731775,118.3371239,2
77,112,630,285.577,685737,2401.233293,4
77,111,630,285.57,650843,2279.101446,4
77,114,630,135.947,771108,5672.122224,5
77,113,630,135.945,744617,5477.340101,5
68,113,631,218.239,725024,3322.155985,5
68,111,631,39.307,617286,15704.22571,5
68,112,631,39.307,614639,15636.88402,5
68,114,631,218.147,738482,3385.249396,5
64,114,632,124.237,732927,5899.426097,5
64,112,632,91.27,634455,6951.407911,5
64,113,632,124.233,706167,5684.214339,5
64,111,632,91.267,640186,7014.430188,5
66,112,633,48.108,644532,13397.60539,5
66,113,633,288.583,717954,2487.859645,4
66,111,633,48.107,647747,13464.71407,5
66,114,633,288.599,718273,2488.827058,4
55,111,634,58.286,644666,11060.39186,5
55,114,634,47.668,735150,15422.29588,5
55,112,634,58.286,653918,11219.12638,5
55,113,634,47.664,712425,14946.81521,5
69,113,635,168.88,728298,4312.517764,5
69,114,635,168.896,739819,4380.322802,5
69,111,635,55.215,652604,11819.32446,5
69,112,635,55.215,657373,11905.69592,5
62,111,636,74.679,658353,8815.771502,5
62,112,636,74.682,668270,8948.207065,5
62,113,636,5912.64,722653,122.2217148,2
62,114,636,5912.536,750645,126.9582122,2
63,114,637,55.263,722781,13078.93165,5
63,111,637,74.245,645662,8696.370126,5
63,112,637,74.245,664264,8946.918984,5
63,113,637,55.263,732610,13256.79026,5
47,111,638,104.253,655139,6284.126116,5
47,114,638,101.416,725433,7153.042912,5
47,113,638,101.459,725481,7150.484432,5
47,112,638,104.254,646263,6198.927619,5
33,112,639,64.72,645865,9979.372682,5
33,113,639,204.397,721014,3527.517527,5
33,114,639,204.4,731324,3577.906067,5
33,111,639,64.72,642760,9931.396786,5
41,114,604,12836.86,722313,56.26866695,1
41,112,604,16407.674,782874,47.7138929,1
41,113,604,12836.203,703377,54.79634437,1
41,111,604,16410.261,774590,47.20156492,1
40,111,640,100.326,669897,6677.20232,5
40,113,640,57.687,718451,12454.29646,5
40,112,640,100.327,694328,6920.649476,5
40,114,640,57.686,721037,12499.34126,5
39,114,641,316.545,745630,2355.526071,4
39,111,641,13318.857,801137,60.15058199,1
39,113,641,316.54,734942,2321.798193,4
39,112,641,13319.044,787838,59.15124239,1
58,111,642,315.467,681474,2160.206931,4
58,112,642,315.509,672041,2130.021648,4
58,113,642,935.955,746215,797.2765785,4
58,114,642,935.999,772860,825.7060104,4
42,112,643,190.914,759934,3980.504311,5
42,114,643,72.033,744444,10334.76323,5
42,111,643,190.922,741833,3885.529169,5
42,113,643,72.031,730217,10137.538,5
46,113,644,79.359,706791,8906.248819,5
46,111,644,520.823,853323,1638.412666,4
46,114,644,79.358,712204,8974.570932,5
46,112,644,520.831,868555,1667.633071,4
30,113,645,330.386,733706,2220.753906,4
30,111,645,5980.682,907715,151.7744966,2
30,114,645,330.468,771550,2334.719247,4
30,112,645,5980.642,936555,156.5977365,2
65,112,646,262.663,656732,2500.283633,4
65,114,646,71.689,738410,10300.18552,5
65,113,646,71.718,726686,10132.54692,5
65,111,646,262.638,646672,2462.217958,4
29,111,647,54.938,634506,11549.49215,5
29,112,647,54.945,637759,11607.22541,5
29,114,647,216.173,718339,3322.982056,5
29,113,647,216.212,721957,3339.116238,5
45,112,648,211.605,736274,3479.473547,5
45,113,648,145.472,723140,4970.990981,5
45,111,648,211.597,725898,3430.568486,5
45,114,648,145.556,724082,4974.593971,5
28,113,649,553.081,717823,1297.862338,4
28,111,649,1694.073,796782,470.3351036,3
28,114,649,553.139,735828,1330.276838,4
28,112,649,1694.104,812538,479.6269887,3
71,112,605,146.716,714409,4869.332588,5
71,114,605,1730.827,733412,423.7350122,3
71,111,605,146.708,694153,4731.527933,5
71,113,605,1730.821,715332,413.2905714,3
51,114,650,2787.351,753486,270.3233285,3
51,111,650,301.056,766469,2545.934976,4
51,112,650,301.056,774700,2573.275404,4
51,113,650,2787.353,730427,262.0504113,3
43,114,651,4791.604,724812,151.2670914,2
43,113,651,4791.613,743982,155.2675477,2
43,112,651,4583.53,774308,168.9326785,2
43,111,651,4583.523,776990,169.5180759,2
32,111,652,2114.928,676691,319.9593556,3
32,114,652,266.995,755498,2829.633514,5
32,112,652,2114.861,671425,317.4794939,3
32,113,652,266.999,713904,2673.807767,4
79,114,653,135.428,776583,5734.286854,5
79,113,653,135.427,741909,5478.294579,5
79,112,653,94.862,665515,7015.612152,5
79,111,653,94.868,646666,6816.481848,5
67,111,606,1624.985,663617,408.383462,3
67,112,606,1625.153,670074,412.3144098,3
67,113,606,175.037,729428,4167.278918,5
67,114,606,175.101,750843,4288.056607,5
59,112,607,346.633,665450,1919.753745,4
59,111,607,346.638,667980,1927.024735,4
59,113,607,548.653,721042,1314.20406,4
59,114,607,548.813,739069,1346.668173,4
70,111,608,35.588,667249,18749.26942,5
70,112,608,35.607,679309,19077.9622,5
70,114,608,32867.404,716399,21.79664083,1
70,113,608,32867.21,709384,21.58333488,1
72,111,609,132.276,649988,4913.877045,5
72,113,609,1245.28,724907,582.1236991,3
72,112,609,132.263,653676,4942.243863,5
72,114,609,1252.051,746779,596.4445538,3
86,111,801,170.938,666846,3901.098644,5
86,113,801,189.62,772255,4072.645291,5
86,112,801,170.936,680107,3978.723031,5
86,114,801,189.651,803636,4237.446678,5
85,114,802,7535.458,782278,103.8129335,2
85,111,802,5604.672,733438,130.8618952,2
85,113,802,7535.337,755671,100.2836369,2
85,112,802,5604.48,740269,132.0852247,2
84,111,803,53958.511,706811,13.09915687,1
84,113,803,49731.768,721617,14.5101819,1
84,112,803,53959.203,705110,13.06746506,1
84,114,803,49729.959,737812,14.83636856,1
81,113,804,38102.671,748624,19.64754649,1
81,114,804,38102.89,787940,20.67927131,1
81,111,804,30861.053,728198,23.59601923,1
81,112,804,30861.332,740121,23.98214698,1
83,111,805,7701.826,729036,94.65755264,2
83,113,805,7265.722,749815,103.1989663,2
83,112,805,7701.844,738236,95.85185054,2
83,114,805,7265.779,770782,106.0838762,2
82,113,806,474.663,765338,1612.381837,4
82,114,806,474.303,796156,1678.580991,4
82,111,806,4097.136,806019,196.7274213,2
82,112,806,4096.949,816759,199.3578636,2
87,113,807,342.107,755047,2207.049257,4
87,114,807,342.181,777970,2273.562822,4
87,111,807,1247.752,678723,543.9566516,3
87,112,807,1247.774,696194,557.9487952,3
91,114,901,675.451,711436,1053.275515,4
91,113,901,675.45,716580,1060.892738,4
91,112,901,652.871,712871,1091.901769,4
91,111,901,652.872,714355,1094.17313,4
94,112,902,2027.429,725192,357.6904543,3
94,111,902,2027.335,728260,359.2203558,3
94,113,902,1987.681,714637,359.5330438,3
94,114,902,1987.893,709647,356.9845057,3
93,114,903,470.32,720493,1531.92082,4
93,111,903,458.01,708522,1546.95749,4
93,113,903,470.341,716738,1523.868853,4
93,112,903,457.98,714225,1559.511332,4
89,111,904,456.271,708439,1552.671548,4
89,112,904,456.293,719739,1577.361476,4
89,114,904,460.763,736742,1598.960854,4
89,113,904,460.726,735823,1597.094586,4
92,113,905,1248.158,712302,570.6825578,3
92,112,905,1247.946,708682,567.8787383,3
92,114,905,1248.219,712568,570.8677724,3
92,111,905,1247.867,717497,574.9787437,3
96,111,1198,61.048,604453,9901.274407,5
96,112,1198,61.048,617996,10123.11624,5
96,113,1198,61.048,646449,10589.19211,5
96,114,1198,61.14,672228,10994.89696,5
97,111,1000,1948.543,899769,461.7650214,3
97,112,1000,1948.684,907135,465.5115965,3
97,113,1000,1948.543,925749,475.0980604,3
97,114,1000,1948.694,945934,485.4194655,3
107,111,1201,4607.919,694518,150.7227015,2
107,112,1201,4608.253,699207,151.7292996,2
107,113,1201,4016.304,729553,181.6478533,2
107,114,1201,4016.988,750928,186.938074,2
100,113,1210,1129.321,732296,648.4391949,3
100,111,1210,170.392,632258,3710.608479,5
100,112,1210,170.39,624011,3662.251306,5
100,114,1210,1130.171,788192,697.4095071,4
118,114,1211,2513.904,740907,294.7236649,3
118,113,1211,2509.882,715956,285.2548447,3
118,111,1211,235.204,677169,2879.070934,5
118,112,1211,235.194,690906,2937.600449,5
101,112,1212,1873.904,846004,451.4660303,3
101,114,1212,884.632,747779,845.2995144,4
101,111,1212,1873.874,836748,446.5337584,3
101,113,1212,883.75,719044,813.6282885,4
103,113,1213,186.029,699288,3759.026818,5
103,112,1213,2585.197,764425,295.6931329,3
103,114,1213,186.036,716429,3851.023458,5
103,111,1213,2585.131,762806,295.0744082,3
112,111,1214,1027.091,855127,832.5717974,4
112,112,1214,1027.013,875767,852.7321465,4
112,114,1214,265.363,765377,2884.264197,5
112,113,1214,265.398,733381,2763.32527,5
104,111,1215,2544.734,816349,320.7993448,3
104,113,1215,818.514,718325,877.5964736,4
104,114,1215,818.531,728456,889.955298,4
104,112,1215,2544.828,843723,331.5442144,3
110,111,1216,4536.447,796777,175.6389968,2
110,112,1216,4536.742,794835,175.1995154,2
110,113,1216,875.331,727073,830.6263573,4
110,114,1216,875.474,764808,873.5930479,4
116,111,1217,95.622,632219,6611.647947,5
116,113,1217,6369.971,721297,113.2339535,2
116,114,1217,6371,747648,117.3517501,2
116,112,1217,95.625,661558,6918.253595,5
106,111,1218,338.563,717062,2117.957367,4
106,114,1218,1512.668,748028,494.5090397,3
106,113,1218,1512.546,705469,466.4116,3
106,112,1218,338.639,727502,2148.311329,4
121,113,1219,750.371,738554,984.2517901,4
121,111,1219,231.137,739675,3200.158348,5
121,114,1219,750.185,774346,1032.206722,4
121,112,1219,231.176,760894,3291.405682,5
115,111,1202,9422.333,740991,78.64198814,1
115,113,1202,8613.584,710751,82.51512959,1
115,112,1202,9422.412,744899,79.05608458,1
115,114,1202,8613.56,718173,83.37702413,1
120,112,1220,161.318,700307,4341.158457,5
120,114,1220,2425.987,767766,316.4757272,3
120,113,1220,2427.421,728883,300.270534,3
120,111,1220,161.645,684682,4235.714065,5
109,114,1221,261.094,758192,2903.904341,5
109,113,1221,260.97,738875,2831.26413,5
109,111,1221,132.554,697265,5260.233565,5
109,112,1221,132.289,701854,5305.460016,5
105,111,1222,268.102,702031,2618.522055,4
105,113,1222,172.878,734319,4247.613924,5
105,114,1222,172.874,730302,4224.47563,5
105,112,1222,268.129,695449,2593.71049,4
114,113,1223,169.098,719732,4256.30108,5
114,112,1223,3357.122,689070,205.2561688,3
114,111,1223,3357.476,680693,202.7394984,3
114,114,1223,167.461,734951,4388.789031,5
123,114,1224,106.036,745862,7034.045041,5
123,111,1224,1577.534,793651,503.0959713,3
123,112,1224,1577.443,789790,500.677362,3
123,113,1224,106.082,725282,6836.994023,5
122,112,1225,4204.902,851277,202.4487134,3
122,114,1225,3233.269,765164,236.6533685,3
122,113,1225,3232.705,740305,229.0048118,3
122,111,1225,4204.826,843396,200.5780976,3
125,113,1226,2098.657,741247,353.2006421,3
125,114,1226,2098.431,776959,370.2571111,3
124,114,1227,208.853,751091,3596.266273,5
124,113,1227,208.84,719632,3445.853285,5
117,114,1203,7306.725,721105,98.69058983,2
117,111,1203,1798.015,632698,351.886942,3
117,113,1203,7306.054,707112,96.78439278,2
117,112,1203,1801.434,666695,370.0912717,3
113,111,1204,4112.92,745318,181.2138335,2
113,114,1204,1876.378,740304,394.5388403,3
113,112,1204,4113.105,742076,180.4174705,2
113,113,1204,1875.972,705007,375.808914,3
119,114,1205,1355.488,743735,548.6843115,3
119,111,1205,4032.005,947474,234.9882999,3
119,112,1205,4033.178,958669,237.6956832,3
119,113,1205,1355.031,729368,538.2666522,3
102,113,1206,2506.921,722788,288.3170232,3
102,114,1206,2507.05,755981,301.5420514,3
102,111,1206,2917.652,813316,278.7570279,3
102,112,1206,2918.662,822600,281.8414739,3
108,113,1207,513.582,716811,1395.708962,4
108,112,1207,1790.728,821830,458.9362539,3
108,111,1207,1790.457,821230,458.6706076,3
108,114,1207,513.669,738367,1437.437338,4
99,113,1208,1752.058,704053,401.8434321,3
99,112,1208,982.202,815476,830.25284,4
99,114,1208,1751.747,730746,417.1527053,3
99,111,1208,981.866,823569,838.7794261,4
111,114,1209,1707.255,819676,480.1133984,3
111,112,1209,621.334,768718,1237.205754,4
111,113,1209,1707.488,768459,450.0523576,3
111,111,1209,621.26,756304,1217.371149,4
129,114,1301,7987.66,724348,90.68337911,2
129,113,1301,7982.813,721388,90.36764359,2
129,112,1301,11226.148,735383,65.5062627,1
129,111,1301,11223.403,726256,64.70907264,1
128,111,1310,5851.052,736201,125.823698,2
128,114,1310,7094.548,726265,102.3694533,2
128,113,1310,7096.217,699534,98.57843975,2
128,112,1310,5851.176,742206,126.8473209,2
130,112,1311,2688.344,788188,293.1871814,3
130,113,1311,1071.246,730150,681.5894762,3
130,114,1311,1071.265,744746,695.2024009,3
130,111,1311,2688.263,787941,293.1041345,3
138,114,1312,8185.537,713146,87.12268969,1
138,111,1312,8595.065,701104,81.57052914,1
138,113,1312,8185.274,706182,86.27469282,1
138,112,1312,8595.125,704835,82.00404299,1
139,114,1313,714.248,755256,1057.414231,4
139,113,1313,714.953,718624,1005.134603,4
139,111,1313,570.2,788078,1382.108032,4
139,112,1313,570.347,806186,1413.500904,4
140,114,1314,3623.305,704108,194.3275545,3
140,113,1314,3623.159,696119,192.1304033,3
137,112,1302,10813.3,632258,58.47040219,1
137,111,1302,10813.138,634102,58.64181147,1
137,114,1302,9626.284,683888,71.04382127,1
137,113,1302,9626.233,696006,72.30304939,1
132,114,1303,3836.173,723259,188.5365962,2
132,113,1303,3838.266,713143,185.7982224,2
132,111,1303,4098.335,813574,198.5132987,3
132,112,1303,4098.45,829671,202.4353109,3
135,114,1304,496.64,746519,1503.139095,4
135,113,1304,496.602,721682,1453.240221,4
135,111,1304,328.484,671520,2044.300483,4
135,112,1304,328.515,685281,2085.996073,4
136,111,1305,245.073,629209,2567.435009,4
136,114,1305,264.952,736978,2781.552885,4
136,113,1305,264.905,719920,2717.653498,4
136,112,1305,245.072,644292,2628.990664,5
131,114,1306,298.803,729643,2441.88646,4
131,112,1306,677.156,780376,1152.431641,4
131,111,1306,677.116,769351,1136.217428,4
131,113,1306,298.76,726129,2430.475967,4
127,112,1307,962.917,916989,952.3032619,4
127,111,1307,962.777,914277,949.6248872,4
127,114,1307,392.682,804318,2048.268064,4
127,113,1307,392.61,735051,1872.216704,4
134,114,1308,8712.058,702584,80.64500948,1
134,113,1308,8711.641,696584,79.9601361,1
134,111,1308,7131.704,711873,99.81807994,2
134,112,1308,7131.893,713489,100.0420225,2
133,113,1309,5210.807,711655,136.5728955,2
133,112,1309,4329.027,836056,193.1279246,2
133,111,1309,4328.876,829101,191.5280087,2
133,114,1309,5210.978,719802,138.131844,2
143,111,1501,191.371,653660,3415.669041,5
143,112,1501,191.257,667617,3490.68008,5
143,113,1501,209.225,702026,3355.363843,5
143,114,1501,209.104,705773,3375.224769,5
144,111,1502,6231.257,709961,113.9354387,2
144,112,1502,6231.262,707193,113.4911355,2
144,113,1502,6213.403,702028,112.9860722,2
144,114,1502,6213.439,725830,116.8161464,2
147,113,1901,12048.836,766821,63.64274524,1
147,114,1901,12048.786,771888,64.06354964,1
147,112,1901,7212.48,597898,82.89769954,1
147,111,1901,7212.47,596488,82.70231973,1
148,113,1902,12261.922,774072,63.12811319,1
148,114,1902,12261.984,778329,63.47496457,1
148,112,1902,7563.521,626228,82.79583014,1
148,111,1902,7563.446,618688,81.79975107,1
150,111,1903,6983.623,645911,92.48938552,2
150,114,1903,8789.634,812464,92.43433799,2
150,113,1903,8789.625,788588,89.71804827,2
150,112,1903,6983.655,649031,92.93571919,2
146,114,1904,22756.455,761218,33.45064071,1
146,113,1904,22756.747,760935,33.43777562,1
146,112,1904,15759.939,612554,38.86779003,1
146,111,1904,15760.095,609868,38.69697486,1
149,112,1905,18337.5,576598,31.44365372,1
149,111,1905,18337.497,578928,31.57072091,1
152,111,1601,39462.758,841120,21.31427307,1
152,112,1601,39463.178,851403,21.57461824,1
152,113,1601,39418.02,812462,20.61143609,1
152,114,1601,39418.448,849601,21.55338536,1
153,111,1602,43180.358,730330,16.91347719,1
153,112,1602,43180.354,733582,16.98879078,1
153,113,1602,43225.097,799674,18.50022453,1
153,114,1602,43224.957,805329,18.63111165,1
165,112,1701,97.576,583816,5983.192588,5
165,114,1701,258.39,717447,2776.605132,4
165,111,1701,97.579,601935,6168.694084,5
165,113,1701,258.383,718967,2782.563094,5
160,112,1710,248.71,650130,2614.008283,4
160,114,1710,299.756,714251,2382.774657,4
160,111,1710,248.701,653079,2625.960491,4
160,113,1710,299.782,716308,2389.429652,4
159,114,1711,280.914,729611,2597.275323,4
159,112,1711,4239.567,762753,179.9129487,2
159,113,1711,280.947,709493,2525.362435,4
159,111,1711,4239.537,749606,176.8131756,2
168,113,1712,5008.206,702625,140.2947483,2
168,114,1712,5008.269,699369,139.6428586,2
168,111,1712,4393.444,666262,151.649139,2
168,112,1712,4393.503,666076,151.6047673,2
156,113,1713,5793.647,715907,123.5675905,2
156,112,1713,352.903,781761,2215.229114,4
156,114,1713,5793.633,706596,121.96078,2
156,111,1713,352.916,777599,2203.354339,4
158,114,1714,1597.594,728436,455.9581471,3
158,113,1714,1597.595,729162,456.4122947,3
158,112,1714,2848.024,845843,296.9929326,3
158,111,1714,2848.012,842007,295.6472796,3
164,112,1715,10071.207,677007,67.22203208,1
164,111,1715,10071.246,690813,68.59260513,1
164,113,1715,14695.671,705563,48.01162193,1
164,114,1715,14695.904,703653,47.88089253,1
155,114,1716,7917.53,701275,88.5724462,1
155,112,1716,4096.257,721004,176.0153233,2
155,113,1716,7917.488,697856,88.14108717,2
155,111,1716,4096.198,723063,176.5205198,2
170,114,1717,6933.042,691375,99.72173831,2
170,113,1717,6933.082,710667,102.5037638,2
170,111,1717,8117.873,633027,77.97941653,1
170,112,1717,8117.825,643777,79.30412395,1
163,113,1718,10515.955,718789,68.35223239,1
163,112,1718,8188.015,653506,79.81250645,1
163,114,1718,10516.072,713164,67.81657638,1
163,111,1718,8187.895,668014,81.58556015,1
167,112,1719,11503.753,681607,59.25083753,1
167,111,1719,11503.462,669205,58.17422616,1
169,113,1702,1080.669,699363,647.1574552,3
169,112,1702,184.93,608841,3292.278159,5
169,111,1702,184.938,611148,3304.610194,5
169,114,1702,1080.673,702674,650.2188914,3
174,112,1703,124.496,666107,5350.428929,5
174,114,1703,237.152,727484,3067.585346,5
174,111,1703,124.499,661589,5314.010554,5
174,113,1703,237.179,737806,3110.756011,5
171,111,1704,39.219,580404,14799.05148,5
171,112,1704,39.221,614968,15679.55942,5
171,114,1704,52.455,708172,13500.56239,5
171,113,1704,52.455,712077,13575.00715,5
172,111,1705,57.052,645997,11322.95099,5
172,114,1705,95.817,735985,7681.152614,5
172,113,1705,95.706,734664,7676.258542,5
172,112,1705,57.053,653260,11450.05521,5
157,111,1706,210.181,656905,3125.425229,5
157,112,1706,210.247,660925,3143.564474,5
157,113,1706,378.782,727718,1921.205337,4
157,114,1706,378.822,726447,1917.647338,4
166,111,1707,56.27,638817,11352.71015,5
166,113,1707,62.517,720325,11522.066,5
166,112,1707,56.27,628811,11174.88893,5
166,114,1707,62.52,721321,11537.44402,5
162,111,1708,614.58,736851,1198.950503,4
162,112,1708,614.495,737203,1199.689176,4
162,113,1708,205.515,715255,3480.305574,5
162,114,1708,205.514,710467,3457.024826,5
173,113,1709,105.35,709590,6735.548173,5
173,112,1709,75.326,631864,8388.39179,5
173,111,1709,75.328,636845,8454.293224,5
173,114,1709,105.392,722268,6853.157735,5
184,114,1801,1156.944,716495,619.2996377,3
184,113,1801,1157.024,719164,621.5635976,3
184,112,1801,2210.827,705758,319.2280536,3
184,111,1801,2210.809,705801,319.2501026,3
177,111,1802,3677.892,677175,184.1204146,2
177,112,1802,3677.895,686072,186.5393112,2
177,113,1802,3958.576,719730,181.8153801,2
177,114,1802,3958.654,725415,183.2478918,2
185,112,1803,3233.342,718604,222.2480641,3
185,111,1803,3233.532,728745,225.371204,3
185,114,1803,4180.231,735864,176.0342909,2
185,113,1803,4180.373,729747,174.5650448,2
180,112,1804,4013.007,804045,200.3597302,2
180,114,1804,6352.517,747601,117.6857929,2
180,111,1804,4013.029,788928,196.5916518,2
180,113,1804,6352.546,738647,116.275742,2
181,112,1805,3259.255,825246,253.2008082,3
181,114,1805,1924.819,760212,394.9524605,3
181,111,1805,3259.299,812910,249.412527,3
181,113,1805,1924.762,743062,386.0539641,3
176,114,1806,6206.844,721380,116.2233174,2
176,113,1806,6206.833,724638,116.7484287,2
176,111,1806,5541.06,672216,121.3154162,2
176,112,1806,5541.058,680697,122.8460341,2
178,111,1807,261.389,680151,2602.064356,4
178,114,1807,303.877,749776,2467.366731,4
178,113,1807,303.844,743136,2445.781388,4
178,112,1807,261.4,671536,2568.997705,4
179,113,1808,7255.386,720976,99.37114304,2
179,112,1808,7038.649,695733,98.84467886,2
179,111,1808,7038.4,695475,98.81151966,2
179,114,1808,7255.78,720955,99.36285279,2
183,112,1809,6590.75,729231,110.6446156,2
183,113,1809,4486.765,731802,163.1023689,2
183,114,1809,4486.915,741982,165.3657357,2
183,111,1809,6590.697,729220,110.6438363,2
187,111,2001,57367.708,652252,11.36967159,1
187,112,2001,57367.557,658771,11.48333718,1
187,113,2001,52542.499,722463,13.75006925,1
187,114,2001,52542.262,715330,13.61437389,1
188,113,2002,14143.337,715785,50.60934347,1
188,111,2002,14092.561,712486,50.5575956,1
188,114,2002,14143.376,715752,50.60687067,1
188,112,2002,14092.591,714748,50.71799785,1
190,111,2003,773.236,772798,999.4335494,4
190,112,2003,773.28,776317,1003.927426,4
190,113,2003,757.201,738508,975.3130278,4
190,114,2003,757.238,755396,997.5674755,4
189,111,2004,9525.212,721633,75.76030854,1
189,113,2004,14315.681,717201,50.09897887,1
189,112,2004,9524.912,721402,75.73844252,1
189,114,2004,14315.37,725163,50.65625269,1
193,112,2101,11596.785,686014,59.15553319,1
193,113,2101,12079.502,723347,59.8821872,1
193,111,2101,11596.383,686717,59.21820623,1
193,114,2101,12082.445,723466,59.8774503,1
196,111,2102,7502.527,765064,101.9741748,2
196,112,2102,7503.466,773234,103.0502437,2
196,113,2102,7177.444,737296,102.7240338,2
196,114,2102,7176.48,747645,104.1799044,2
192,111,2103,362.211,722582,1994.920088,4
192,114,2103,319.372,742828,2325.902083,4
192,112,2103,362.225,724376,1999.795707,4
192,113,2103,319.339,739047,2314.302356,4
195,111,2104,5658.108,737017,130.2585599,2
195,112,2104,5658.196,746978,132.0169892,2
195,113,2104,4382.186,736293,168.0195683,2
195,114,2104,4376.188,750449,171.4846346,2
194,112,2105,10635.94,670805,63.06964876,1
194,111,2105,10635.917,671665,63.15064324,1
194,114,2105,11233.832,707534,62.98242666,1
194,113,2105,11235.149,714729,63.61544471,1
197,112,2106,3730.174,767949,205.8748466,3
197,111,2106,3731.192,763221,204.5515213,3
197,114,2106,4295.426,753170,175.3423293,2
197,113,2106,4292.719,744583,173.4525367,2
199,113,2201,4030.23,781134,193.8187151,3
199,114,2201,4030.658,806140,200.002084,3
199,111,2201,2392.757,680231,284.2875394,3
199,112,2201,2392.925,693096,289.6438459,3
205,111,2202,253.245,505241,1995.068017,4
205,113,2202,1268.478,784928,618.795123,3
205,112,2202,253.245,511371,2019.273826,4
205,114,2202,1268.504,791393,623.8789945,3
203,113,2203,6983.316,769331,110.1670038,2
203,112,2203,6734.047,638003,94.74287898,2
203,111,2203,6733.876,641972,95.33469283,2
203,114,2203,6983.6,782417,112.0363423,2
200,111,2204,10749.842,673343,62.63747876,1
200,113,2204,12435.102,762517,61.31972219,1
200,112,2204,10749.926,673825,62.68182683,1
200,114,2204,12435.242,758913,61.02921037,1
201,112,2205,13775.569,643773,46.73295165,1
201,111,2205,13775.374,640878,46.52345555,1
201,113,2205,14452.884,754131,52.17858249,1
201,114,2205,14453.39,746021,51.61564173,1
202,113,2206,4033.894,773429,191.7326038,3
202,112,2206,3074.164,734876,239.0490553,3
202,114,2206,4033.843,785840,194.8117465,3
202,111,2206,3074.177,724827,235.779202,3
204,111,2207,6224.635,677736,108.8796371,2
204,112,2207,6224.772,679892,109.2235989,2
212,113,2501,2350.289,729965,310.5852089,3
212,111,2501,3090.202,635272,205.5762051,3
212,112,2501,3090.209,648063,209.7149416,3
212,114,2501,2350.315,736190,313.2303542,3
216,112,2510,928.547,657275,707.8532374,4
216,111,2510,928.55,647186,696.9856227,4
215,113,2502,1627.998,738642,453.7118596,3
215,114,2502,1628.025,744886,457.5396569,3
215,112,2502,920.156,655658,712.5509153,4
215,111,2502,920.134,670872,729.1025003,4
209,112,2503,578.967,672598,1161.720789,4
209,114,2503,757.754,754068,995.1356245,4
209,113,2503,757.855,742932,980.3088981,4
209,111,2503,578.948,660410,1140.706937,4
207,114,2504,668.294,750331,1122.755853,4
207,111,2504,727.229,658927,906.079103,4
207,113,2504,668.266,746358,1116.857658,4
207,112,2504,727.269,661996,910.249165,4
214,111,2505,562.138,664235,1181.622662,4
214,113,2505,265.08,754065,2844.669534,5
214,114,2505,265.102,765922,2889.159644,5
214,112,2505,562.126,667862,1188.100177,4
210,111,2506,472.217,651477,1379.61361,4
210,114,2506,526.766,761166,1444.979365,4
210,113,2506,526.787,750623,1424.90798,4
210,112,2506,472.193,652842,1382.574498,4
208,114,2507,62.731,777588,12395.59389,5
208,113,2507,62.671,751062,11984.20322,5
208,111,2507,169.155,645395,3815.405989,5
208,112,2507,169.178,657928,3888.969015,5
213,111,2508,40.706,657658,16156.29146,5
213,114,2508,326.439,764789,2342.823621,4
213,112,2508,40.747,655956,16098.2649,5
213,113,2508,326.374,759336,2326.582387,4
211,112,2509,310.784,657358,2115.160369,4
211,111,2509,310.779,665822,2142.429186,4
211,114,2509,1215.357,739482,608.4483818,3
211,113,2509,1214.739,719841,592.5890253,3
221,111,2401,3614.076,744981,206.1331859,3
221,113,2401,3977.057,723716,181.9727502,2
221,112,2401,3614.384,751406,207.8932399,3
221,114,2401,3977.395,725499,182.4055695,2
219,113,2402,348.875,745135,2135.822286,4
219,114,2402,348.622,763156,2189.064373,4
219,111,2402,353.954,709394,2004.198286,4
219,112,2402,353.989,694751,1962.634432,4
223,111,2403,292.362,719048,2459.444114,4
223,113,2403,304.135,740451,2434.612919,4
223,112,2403,292.377,735625,2516.015282,4
223,114,2403,304.458,758683,2491.913499,4
222,111,2404,314.587,716680,2278.161526,4
222,112,2404,314.607,719128,2285.797837,4
222,113,2404,297.806,739293,2482.465095,4
222,114,2404,297.816,745629,2503.65662,4
225,111,2405,1491.196,767304,514.5561013,3
225,112,2405,1491.315,775536,520.0350027,3
225,113,2405,1481.236,752393,507.9494422,3
225,114,2405,1481.352,760734,513.5403334,3
220,111,2406,3054.209,744104,243.632312,3
220,112,2406,3054.3,739136,241.9984939,3
220,113,2406,1950.258,747058,383.0559854,3
220,114,2406,1952.105,761921,390.3073861,3
224,111,2407,292.673,654914,2237.698729,4
224,113,2407,488.027,724692,1484.942431,4
224,112,2407,292.671,658937,2251.45983,4
224,114,2407,488.24,729001,1493.120187,4
218,113,2408,859.847,756076,879.3145757,4
218,114,2408,859.545,761778,886.257264,4
218,111,2408,293.796,729557,2483.209438,4
218,112,2408,293.776,753770,2565.798431,4
228,111,2301,3533.908,669817,189.540022,2
228,112,2301,3534.019,673209,190.4938825,2
228,113,2301,3285.518,670714,204.1425431,3
228,114,2301,3286.098,672009,204.5005961,3
227,111,2302,27309.015,657750,24.0854531,1
227,112,2302,27309.289,654979,23.98374414,1
227,113,2302,27557.406,657588,23.8624782,1
227,114,2302,27557.769,657319,23.85240257,1
236,111,2601,24827.86,649813,26.17273498,1
236,112,2601,24828.151,646517,26.03967569,1
236,113,2601,25027.752,704991,28.16837085,1
236,114,2601,25028.399,700136,27.97366304,1
239,114,2610,4142.084,715535,172.7475831,2
239,113,2610,4140.44,711342,171.8034798,2
239,112,2610,3533.533,715353,202.4469561,3
239,111,2610,3531.96,720833,204.0886647,3
232,113,2611,419.261,717393,1711.089274,4
232,114,2611,419.094,720585,1719.387536,4
232,112,2611,397.844,696264,1750.093001,4
232,111,2611,397.857,690987,1736.772257,4
245,112,2612,160.144,639945,3996.059796,5
245,113,2612,403.207,711313,1764.138519,4
245,114,2612,403.125,708020,1756.328682,4
245,111,2612,160.143,633165,3953.747588,5
244,111,2613,108.255,515348,4760.50067,5
244,114,2613,184.86,679235,3674.321108,5
244,112,2613,108.256,506036,4674.438368,5
244,113,2613,184.849,673446,3643.222306,5
242,112,2614,121.969,553362,4536.906919,5
242,111,2614,121.966,546794,4483.16744,5
242,113,2614,185.734,706429,3803.444711,5
242,114,2614,185.68,695410,3745.206807,5
237,112,2615,956.975,680699,711.3028031,4
237,111,2615,956.947,690749,721.8257646,4
234,111,2602,5290.202,698921,132.1161271,2
234,113,2602,3281.188,717114,218.5531582,3
234,112,2602,5290.491,697415,131.8242484,2
234,114,2602,3284.703,731188,222.6039919,3
235,112,2603,1841.568,698502,379.2974248,3
235,114,2603,2629.506,730423,277.7795525,3
235,113,2603,2628.736,720731,274.1739756,3
235,111,2603,1840.812,693775,376.8853093,3
230,112,2604,7423.947,692584,93.29053669,2
230,113,2604,8457.799,709423,83.87796872,1
230,114,2604,8458.163,701635,82.9535917,1
230,111,2604,7423.508,689687,92.9058068,2
241,114,2605,2348.883,682716,290.655601,3
241,112,2605,1737.863,631658,363.4682366,3
241,113,2605,2348.703,682848,290.7340775,3
241,111,2605,1737.607,630683,362.9606695,3
231,114,2606,3547.642,713644,201.1600945,3
231,112,2606,3318.12,673706,203.0384676,3
231,113,2606,3546.739,709976,200.1771204,3
231,111,2606,3317.712,670785,202.1830105,3
233,111,2607,4281.133,677169,158.175184,2
233,112,2607,4281.168,673032,157.2075658,2
233,113,2607,4227.731,703537,166.4100672,2
233,114,2607,4227.79,697627,165.0098515,2
240,114,2608,1503.136,728781,484.8403604,3
240,112,2608,2233.415,706174,316.1857514,3
240,113,2608,1503.176,713867,474.9057995,3
240,111,2608,2233.358,704586,315.4827842,3
238,114,2609,183.653,717641,3907.592035,5
238,111,2609,309.581,664279,2145.735688,4
238,113,2609,183.587,713212,3884.872023,5
238,112,2609,309.393,664940,2149.175967,4
247,111,2701,13305.959,644273,48.41988465,1
247,112,2701,13307.623,646327,48.5681778,1
247,113,2701,11973.986,668726,55.84823634,1
247,114,2701,11974.615,668741,55.8465554,1
251,113,2702,2437.914,681195,279.4171575,3
251,114,2702,2438.079,695029,285.0723869,3
251,111,2702,3021.907,731366,242.0213461,3
251,112,2702,3022.146,742930,245.8286264,3
248,111,2703,464.731,655310,1410.084544,4
248,112,2703,464.748,655479,1410.396602,4
248,113,2703,527.045,685092,1299.873825,4
248,114,2703,527.025,700121,1328.439827,4
249,111,2704,197.153,617990,3134.570613,5
249,112,2704,197.154,620182,3145.672926,5
249,113,2704,332.486,686098,2063.539517,4
249,114,2704,332.676,704158,2116.64803,4
253,111,2705,123.638,616163,4983.605364,5
253,113,2705,135.661,697725,5143.150942,5
253,112,2705,123.655,628437,5082.18026,5
253,114,2705,135.699,707578,5214.319929,5
254,113,2706,2882.216,675687,234.4331584,3
254,114,2706,2882.167,687034,238.3741123,3
254,111,2706,3070.249,757602,246.755882,3
254,112,2706,3070.222,767191,249.8812789,3
250,111,2707,31818.784,627259,19.71348119,1
250,113,2707,33429.309,662860,19.8287078,1
250,112,2707,31818.579,625525,19.65911174,1
250,114,2707,33430.438,663263,19.84009303,1
252,111,2708,27624.322,660621,23.91446929,1
252,112,2708,27624.233,658790,23.84826395,1
252,113,2708,27908.126,662997,23.75641417,1
252,114,2708,27907.704,663670,23.7808886,1
264,111,2901,217.48,587200,2700.018392,5
264,113,2901,225.358,737033,3270.498496,5
264,112,2901,217.486,576980,2652.952374,5
264,114,2901,225.358,736055,3266.158734,5
256,112,2902,1244.43,719910,578.5058219,3
256,113,2902,465.763,768428,1649.826199,4
256,111,2902,1244.427,706210,567.4981337,3
256,114,2902,465.78,767531,1647.840182,4
263,114,2903,6851.553,774899,113.0983005,2
263,112,2903,1243.596,627631,504.69043,3
263,113,2903,6851.545,760643,111.017734,2
263,111,2903,1243.572,628293,505.2325076,3
260,112,2904,14497.149,678768,46.82079214,1
260,113,2904,14401.377,756407,52.52324135,1
260,114,2904,14401.385,762763,52.96455862,1
260,111,2904,14499.292,681465,46.9998811,1
261,114,2905,2425.176,757920,312.5216479,3
261,113,2905,2424.849,758911,312.9724779,3
261,112,2905,510.555,639741,1253.030526,4
261,111,2905,510.704,637874,1249.009211,4
262,114,2906,18198.499,765667,42.07308526,1
262,113,2906,18198.621,754588,41.46402082,1
262,112,2906,13001.363,697885,53.67783362,1
262,111,2906,13001.473,689415,53.02591483,1
259,113,2907,6272.841,759566,121.0880365,2
259,114,2907,6272.846,770073,122.7629373,2
259,111,2907,5474.019,724309,132.3175897,2
259,112,2907,5474.019,724077,132.2752077,2
257,111,2908,18651.177,651752,34.9442826,1
257,113,2908,19901.168,748595,37.6156314,1
257,112,2908,18651.05,658889,35.32717997,1
257,114,2908,19901.032,748764,37.62438048,1
258,112,2909,13901.747,686807,49.40436623,1
258,111,2909,13899.377,689713,49.62186435,1
269,111,2801,11418.079,788688,69.07361562,1
269,112,2801,11418.299,791282,69.29946396,1
269,113,2801,10572.801,756459,71.54764381,1
269,114,2801,10572.944,758765,71.76477999,1
270,111,2802,13640.499,671235,49.20897689,1
270,112,2802,13641.365,671249,49.20687922,1
270,113,2802,15551.511,726159,46.69379072,1
270,114,2802,15552.303,724075,46.55741339,1
267,111,2803,13176.537,754237,57.24091239,1
267,112,2803,13176.337,756237,57.39356849,1
267,113,2803,12754.479,750332,58.82890238,1
267,114,2803,12754.028,745475,58.45016178,1
268,111,2804,8688.16,755876,87.0006998,2
268,112,2804,8687.865,759744,87.44887265,2
268,113,2804,8044.483,758257,94.25801509,2
268,114,2804,8044.455,764018,94.97448864,2
273,111,3000,145545.801,990898,6.808152439,1
273,112,3000,145546.455,998199,6.858284525,1
273,113,3000,145545.801,1015165,6.97488346,1
273,114,3000,145546.562,1032949,7.097034693,1
283,113,3701,5494.275,724668,131.895109,2
283,114,3701,5493.334,728488,132.6130907,2
283,111,3701,7198.221,640553,88.98768182,2
283,112,3701,7198.211,630163,87.54439124,2
275,112,3710,3299.451,692489,209.8800679,3
275,111,3710,3299.632,688323,208.60599,3
275,113,3710,2575.163,739282,287.0816333,3
275,114,3710,2575.117,751909,291.990228,3
276,111,3711,6023.695,706554,117.2957794,2
276,114,3711,6838.253,739784,108.1831866,2
276,113,3711,6838.238,737318,107.8228046,2
276,112,3711,6023.676,707916,117.5222572,2
284,111,3712,819.365,735056,897.104465,4
284,112,3712,819.349,736885,899.3542434,4
284,113,3712,549.656,773617,1407.456664,4
284,114,3712,549.835,793964,1444.00411,4
287,112,3713,2253.605,778150,345.2912112,3
287,113,3713,2280.59,782722,343.2103096,3
287,114,3713,2280.461,791492,347.0754378,3
287,111,3713,2254.662,759789,336.9857655,3
281,114,3702,3246.824,796200,245.2242561,3
281,111,3702,3951.738,738673,186.9235764,2
281,112,3702,3951.71,746908,189.0088088,2
281,113,3702,3246.676,777683,239.5320629,3
280,113,3703,7810.076,749521,95.96846433,2
280,114,3703,7810.363,756975,96.91931092,2
280,112,3703,6169.016,750658,121.6819668,2
280,111,3703,6168.889,738500,119.7136146,2
282,113,3704,1045.355,769734,736.3374165,4
282,114,3704,1045.468,811063,775.7894072,4
282,111,3704,1248.2,832983,667.3473802,4
282,112,3704,1248.422,845233,677.0410967,4
278,113,3705,3571.861,745928,208.8345543,3
278,114,3705,3571.881,755211,211.4322958,3
278,111,3705,4387.429,698492,159.2030321,2
278,112,3705,4387.687,682476,155.543456,2
277,111,3706,2931.444,715945,244.2294651,3
277,112,3706,2930.703,727931,248.3810198,3
277,114,3706,3674.269,753560,205.0911351,3
277,113,3706,3674.546,760762,207.0356447,3
285,111,3707,6070.44,742439,122.3039846,2
285,113,3707,6161.766,762540,123.7534824,2
285,114,3707,6163.104,785124,127.391003,2
285,112,3707,6072.345,759230,125.0307748,2
286,113,3708,4512.777,744074,164.8816239,2
286,111,3708,3278.807,712047,217.1664877,3
286,112,3708,3278.912,718632,219.1678215,3
286,114,3708,4511.843,750103,166.2520172,2
279,114,3709,856.46,828929,967.8548911,4
279,111,3709,985.384,852204,864.8445682,4
279,112,3709,985.396,879730,892.7679836,4
279,113,3709,856.926,780211,910.4765172,4
289,111,3800,69000.798,674499,9.775234773,1
289,112,3800,68999.867,683932,9.912077077,1
289,113,3800,69000.798,723393,10.48383527,1
289,114,3800,68999.852,756928,10.96999454,1
291,112,3101,11920.564,630440,52.88675938,1
291,111,3101,11920.603,630512,52.89262632,1
291,114,3101,8879.014,638320,71.89086536,1
291,113,3101,8879.022,628082,70.73774567,1
292,111,3102,407.8,641214,1572.373713,4
292,114,3102,509.731,652870,1280.812821,4
292,113,3102,509.737,634418,1244.598685,4
292,112,3102,407.799,648049,1589.138276,4
293,113,3103,67435.412,606016,8.986613739,1
293,112,3103,64495.264,564152,8.74718491,1
293,111,3103,64495.768,558703,8.662630392,1
293,114,3103,67434.886,605000,8.97161745,1
296,111,3301,2445.245,656657,268.5444608,3
296,112,3301,2445.384,661538,270.5252018,3
296,113,3301,2463.652,662473,268.898773,3
296,114,3301,2463.792,671640,272.6041809,3
295,111,3302,6507.406,660102,101.4385763,2
295,112,3302,6507.539,656656,100.9069634,2
295,113,3302,6488.999,660986,101.8625523,2
295,114,3302,6489.131,658968,101.5494987,2
307,112,3401,331.699,663175,1999.327704,4
307,113,3401,350.019,730895,2088.158071,4
307,111,3401,331.682,668471,2015.397278,4
307,114,3401,350.036,738908,2110.948588,4
305,112,3410,66.418,628454,9462.103647,5
305,113,3410,75.918,733056,9655.891883,5
305,111,3410,66.412,631434,9507.82991,5
305,114,3410,75.924,764684,10071.70328,5
304,111,3411,600.245,670098,1116.374147,4
304,114,3411,505.181,735657,1456.224601,4
304,112,3411,600.388,671685,1118.751541,4
304,113,3411,504.967,735846,1457.216016,4
303,111,3412,628.925,710509,1129.71976,4
303,112,3412,628.947,707192,1124.406349,4
303,114,3412,412.252,751650,1823.277995,4
303,113,3412,412.232,750594,1820.80479,4
308,111,3413,56.346,694621,12327.77837,5
308,112,3413,56.438,692817,12275.71849,5
300,111,3402,1959.381,695050,354.7293763,3
300,113,3402,2092.43,732764,350.1976171,3
300,112,3402,1959.537,694375,354.3566669,3
300,114,3402,2092.659,721093,344.5821799,3
301,111,3403,916.196,679648,741.8150701,4
301,112,3403,916.236,680528,742.743136,4
301,114,3403,899.661,735336,817.3478677,4
301,113,3403,899.696,742640,825.4343689,4
299,113,3404,691.882,735064,1062.412377,4
299,111,3404,713.947,723287,1013.082204,4
299,112,3404,713.965,726663,1017.785186,4
299,114,3404,691.907,742131,1072.58779,4
302,112,3405,1094.966,667593,609.6929037,4
302,113,3405,991.3,733032,739.4653485,4
302,111,3405,1094.94,665966,608.2214551,4
302,114,3405,991.34,743424,749.9182924,4
306,112,3406,195.76,670769,3426.486514,5
306,113,3406,215.551,738398,3425.630129,5
306,114,3406,215.609,753711,3495.730698,5
306,111,3406,195.716,665384,3399.742484,5
298,114,3407,970.147,743127,765.9942256,4
298,112,3407,591.368,686790,1161.358071,4
298,113,3407,970.193,748580,771.5784385,4
298,111,3407,591.392,669331,1131.789067,4
310,111,3408,106.577,663598,6226.465372,5
310,114,3408,54.723,767452,14024.30422,5
310,113,3408,54.688,758406,13867.86864,5
310,112,3408,106.602,657473,6167.548451,5
309,113,3409,95.344,760064,7971.80735,5
309,112,3409,92.378,673641,7292.223257,5
309,114,3409,95.333,760840,7980.867066,5
309,111,3409,92.459,664227,7184.016699,5
314,111,3501,4713.645,712231,151.0998389,2
314,114,3501,4600.041,690571,150.1227924,2
314,113,3501,4600.137,694442,150.9611562,2
314,112,3501,4713.573,712510,151.1613377,2
313,113,3502,71739.492,697027,9.71608497,1
313,112,3502,69444.043,679634,9.786786175,1
313,111,3502,69443.925,665270,9.579959658,1
313,114,3502,71739.788,703727,9.809437965,1
312,112,3503,47140.672,690080,14.63873913,1
312,111,3503,47140.578,688431,14.60378784,1
312,114,3503,44958.575,690811,15.36550035,1
312,113,3503,44958.52,693818,15.43240302,1
317,111,3201,176.958,803286,4539.416133,5
317,113,3201,104.501,673794,6447.727773,5
317,112,3201,176.956,814286,4601.629784,5
317,114,3201,104.497,703299,6730.327186,5
316,112,3202,105018.8,848385,8.078410723,1
316,113,3202,55829.715,690786,12.37308842,1
316,111,3202,105018.727,840135,7.99985892,1
316,114,3202,55829.788,706464,12.65389007,1
318,111,3203,4585.495,1061221,231.4299765,3
318,112,3203,4585.585,1060651,231.3011317,3
318,113,3203,2848.989,720438,252.8749672,3
318,114,3203,2848.594,758676,266.3334965,3
319,113,3204,50997.974,705118,13.8263924,1
319,114,3204,50998.159,722406,14.16533487,1
328,111,3601,647.225,708199,1094.208351,4
328,114,3601,650.009,726589,1117.813753,4
328,113,3601,650.024,722480,1111.466654,4
328,112,3601,647.206,708867,1095.272603,4
338,111,3610,17.971,688574,38315.84219,5
338,114,3610,14.046,728323,51852.69828,5
338,112,3610,17.978,686869,38206.08522,5
338,113,3610,14.248,716682,50300.53341,5
346,111,3611,12.028,645379,53656.3851,5
346,112,3611,12.028,653752,54352.51081,5
346,114,3611,65.578,721433,11001.14368,5
346,113,3611,65.835,728307,11062.61107,5
349,113,3612,14.787,720538,48727.80145,5
349,111,3612,18.595,684876,36831.19118,5
349,112,3612,18.598,674825,36284.81557,5
349,114,3612,14.792,733946,49617.76636,5
333,113,3613,10.254,765391,74643.16364,5
333,112,3613,64.61,698405,10809.54961,5
333,111,3613,64.607,688616,10658.53545,5
333,114,3613,10.161,790434,77790.96546,5
334,112,3614,12.504,634597,50751.51951,5
334,111,3614,12.495,634231,50758.78351,5
334,114,3614,28.5,720690,25287.36842,5
334,113,3614,28.294,727544,25713.72022,5
336,111,3615,10.261,672369,65526.65432,5
336,112,3615,10.261,662062,64522.17133,5
336,113,3615,14.537,747271,51404.76027,5
336,114,3615,14.518,762550,52524.4524,5
344,111,3616,11.809,704523,59659.83572,5
344,113,3616,78.375,730795,9324.338118,5
344,112,3616,11.809,700474,59316.96164,5
344,114,3616,78.376,748723,9552.962642,5
339,112,3617,126.776,679509,5359.918281,5
339,111,3617,126.779,677903,5347.123735,5
339,113,3617,382.628,742344,1940.119385,4
339,114,3617,382.638,742551,1940.609662,4
348,111,3618,220.769,678827,3074.829347,5
348,113,3618,1353.425,718210,530.6611005,3
348,112,3618,220.784,682571,3091.578194,5
348,114,3618,1353.443,720268,532.1746095,3
332,114,3619,7937.079,705044,88.82915239,2
332,113,3619,7937.02,709970,89.45044866,2
332,111,3619,1393.228,690234,495.4207064,3
332,112,3619,1393.249,709399,509.1688564,3
330,112,3602,238.675,680232,2850.034566,5
330,113,3602,182.012,718587,3948.019911,5
330,114,3602,181.835,721038,3965.342206,5
330,111,3602,238.716,681426,2854.546826,5
322,112,3620,6999.804,673344,96.19469345,2
322,113,3620,1231.275,724345,588.2885627,3
322,114,3620,1231.412,727216,590.5545829,3
322,111,3620,6999.738,687611,98.23381961,2
347,114,3621,15114.861,710842,47.02934417,1
347,111,3621,1930.509,678481,351.451871,3
347,112,3621,1930.651,681413,352.9446803,3
347,113,3621,15114.765,716340,47.39339315,1
324,114,3622,5077.456,711391,140.1077626,2
324,111,3622,3239.452,676798,208.9236081,3
324,113,3622,5077.451,713145,140.4533495,2
324,112,3622,3239.456,675843,208.6285475,3
331,111,3623,13211.894,662495,50.14383252,1
331,114,3623,7371.679,708372,96.09371217,2
331,112,3623,13211.917,664625,50.30496331,1
331,113,3623,7371.651,716427,97.18677675,2
327,111,3624,6156.927,661272,107.4029301,2
327,112,3624,6157.002,661421,107.4258219,2
327,113,3624,2388.561,715192,299.4237953,3
327,114,3624,2388.587,708959,296.8110435,3
326,113,3625,510.191,724587,1420.226935,4
326,114,3625,510.197,722956,1417.013428,4
326,111,3625,1616.227,667827,413.2012397,3
326,112,3625,1616.24,664715,411.2724595,3
351,112,3626,2728.813,671603,246.1154355,3
351,114,3626,219.135,714758,3261.724508,5
351,111,3626,2728.81,676726,247.9930812,3
351,113,3626,219.133,715554,3265.386774,5
323,114,3627,3973.141,717794,180.6615975,2
323,112,3627,1827.583,634821,347.3554963,3
323,111,3627,1827.576,632595,346.1388199,3
323,113,3627,3973.131,714863,179.9243468,2
345,111,3628,532.822,608060,1141.206632,4
345,112,3628,532.829,607308,1139.780305,4
343,112,3629,5653.357,665834,117.7767475,2
343,111,3629,5653.333,663791,117.4158678,2
329,112,3603,181.371,646527,3564.665796,5
329,111,3603,181.298,640916,3535.15207,5
329,114,3603,254.928,721764,2831.24647,5
329,113,3603,254.925,724490,2841.973129,5
335,113,3604,110.853,715109,6450.966595,5
335,112,3604,89.786,668106,7441.093266,5
335,114,3604,110.886,723380,6523.636888,5
335,111,3604,89.795,668467,7444.367726,5
341,113,3605,51.88,768603,14815.01542,5
341,112,3605,65.995,671449,10174.24047,5
341,114,3605,51.939,779896,15015.61447,5
341,111,3605,65.986,672450,10190.79805,5
340,113,3606,29.783,721108,24212.06729,5
340,114,3606,29.795,744562,24989.49488,5
340,112,3606,39.336,675765,17179.3014,5
340,111,3606,39.316,675879,17190.94008,5
350,113,3607,16.16,760308,47048.76238,5
350,114,3607,16.141,753292,46669.47525,5
350,111,3607,26.323,634170,24091.85883,5
350,112,3607,26.322,655324,24896.43644,5
342,111,3608,14.872,682796,45911.51157,5
342,113,3608,29.662,737529,24864.43935,5
342,112,3608,14.874,717316,48226.16646,5
342,114,3608,28.857,769795,26676.19642,5
337,114,3609,15.547,759225,48834.18023,5
337,113,3609,15.54,735408,47323.55212,5
337,112,3609,37.023,658221,17778.70513,5
337,111,3609,37.036,646792,17463.87299,5
362,112,3901,416.156,603510,1450.201367,4
362,114,3901,686.973,729977,1062.599258,4
362,113,3901,686.959,724914,1055.25075,4
362,111,3901,416.036,599929,1442.01223,4
364,113,3910,1129.762,723987,640.8314318,3
364,114,3910,1129.769,720041,637.3347118,3
364,112,3910,194.631,596533,3064.943406,5
364,111,3910,194.632,597493,3069.860044,5
366,111,3911,134.493,545253,4054.136647,5
366,112,3911,134.508,534223,3971.681982,5
366,113,3911,244.458,692794,2834.000115,5
366,114,3911,244.53,704489,2880.992107,5
356,112,3912,1011.775,758257,749.4324331,4
356,113,3912,2271.913,744647,327.7621106,3
356,114,3912,2272.045,765297,336.8317969,3
356,111,3912,1011.782,764452,755.5501086,4
368,112,3913,529.555,645037,1218.073666,4
368,113,3913,894.295,719201,804.2100202,4
368,111,3913,529.54,638510,1205.782377,4
368,114,3913,894.344,709977,793.8522537,4
370,114,3914,1953.678,716084,366.5312298,3
370,112,3914,1790.76,643128,359.1369028,3
370,113,3914,1953.136,725681,371.5465794,3
370,111,3914,1790.245,651868,364.1222291,3
354,112,3915,1170.63,695016,593.7110786,4
354,113,3915,4738.933,742133,156.6033957,2
354,111,3915,1170.615,679785,580.7075768,4
354,114,3915,4738.988,747491,157.7321994,2
359,113,3916,1205.341,720643,597.8747923,3
359,114,3916,1205.389,705118,584.9713246,3
359,111,3916,1730.09,649981,375.692016,3
359,112,3916,1730.18,646259,373.5212521,3
365,112,3917,1003.037,602458,600.6338749,4
365,111,3917,1002.986,602981,601.185859,4
361,111,3918,6816.913,655268,96.12386134,2
361,112,3918,6816.948,660089,96.83057579,2
360,112,3902,2607.465,673992,258.4855406,3
360,113,3902,3221.623,727391,225.7840225,3
360,114,3902,3221.631,730725,226.8183414,3
360,111,3902,2607.452,670493,257.1449062,3
371,111,3903,1594.515,640037,401.3991715,3
371,112,3903,1594.532,643432,403.5240434,3
371,114,3903,228.039,767295,3364.753397,5
371,113,3903,228.005,739980,3245.455144,5
357,114,3904,4664.963,713302,152.9062503,2
357,113,3904,4664.874,709122,152.013109,2
357,111,3904,4615.315,632540,137.0524005,2
357,112,3904,4615.372,631042,136.7261404,2
358,111,3905,6122.016,621278,101.4825835,2
358,112,3905,6122.031,623169,101.7912193,2
358,114,3905,5626.467,721478,128.2293134,2
358,113,3905,5626.467,730642,129.8580441,2
369,111,3906,5177.648,623484,120.418383,2
369,113,3906,7215.033,713464,98.885757,2
369,112,3906,5177.543,617408,119.2472955,2
369,114,3906,7214.892,699217,96.91302378,2
353,113,3907,3864.756,719276,186.11162,3
353,112,3907,2838.978,687905,242.3072669,3
353,114,3907,3864.79,745591,192.9188908,3
353,111,3907,2838.967,680177,239.5860889,3
355,114,3908,2450.538,727589,296.909903,3
355,112,3908,2009.394,663607,330.2523049,3
355,111,3908,2009.505,664904,330.8794952,3
355,113,3908,2450.487,721486,294.425557,3
367,113,3909,464.652,715447,1539.748026,4
367,111,3909,1097.938,617749,562.6447031,3
367,112,3909,1098.038,619886,564.5396607,3
367,114,3909,464.645,709752,1527.514554,4
376,111,4001,1733.534,757029,436.6969439,3
376,112,4001,1733.533,767958,443.0016619,3
376,114,4001,1631.697,792694,485.809559,3
376,113,4001,1631.666,773208,473.8763938,3
377,113,4002,20995.348,747973,35.62565384,1
377,112,4002,20529.468,734292,35.76770718,1
377,114,4002,20996.148,750930,35.76513178,1
377,111,4002,20528.76,732393,35.67643638,1
378,112,4003,34069.662,728797,21.39137747,1
378,111,4003,34069.422,732189,21.49108958,1
378,113,4003,34116.729,767552,22.49781918,1
378,114,4003,34116.973,779713,22.85410842,1
375,114,4004,9777.329,778004,79.57224309,1
375,113,4004,9777.28,776394,79.40797441,1
375,112,4004,10196.629,796956,78.15877188,1
375,111,4004,10196.569,781594,76.65264659,1
373,114,4005,2073.905,809997,390.566106,3
373,111,4005,2066.636,758497,367.0201235,3
373,113,4005,2073.898,785441,378.7269191,3
373,112,4005,2066.643,763505,369.4421339,3
383,114,4101,3007.036,820305,272.7952043,3
383,111,4101,2944.453,805627,273.6083748,3
383,113,4101,3007,796901,265.0152976,3
383,112,4101,2944.504,814663,276.6724039,3
380,112,4102,69490.624,774335,11.14301406,1
380,111,4102,69490.332,768918,11.06510759,1
380,113,4102,69442.782,778062,11.20436102,1
380,114,4102,69443.146,798161,11.49373331,1
382,111,4103,1016.608,764515,752.0253628,4
382,112,4103,1016.648,771352,758.7208159,4
382,114,4103,1074.505,815909,759.3347634,4
382,113,4103,1074.458,797199,741.9545482,4
384,113,4104,17274.038,772196,44.70269198,1
384,112,4104,17173.331,743851,43.31431101,1
384,114,4104,17275.018,781166,45.21940296,1
384,111,4104,17172.967,742198,43.21897317,1
381,114,4105,5188.642,813436,156.7724272,2
381,113,4105,5189.734,785707,151.3963914,2
381,112,4105,5363.656,767658,143.122154,2
381,111,4105,5363.653,757699,141.2654771,2
404,111,4201,58.487,651499,11139.21042,5
404,113,4201,77.906,725059,9306.844146,5
404,112,4201,58.494,659102,11267.85653,5
404,114,4201,77.913,720611,9248.918666,5
392,113,4210,8378.061,707291,84.42180118,1
392,112,4210,6540.34,671025,102.5978772,2
392,114,4210,8377.925,705602,84.22157038,1
392,111,4210,6540.203,670356,102.4977359,2
400,112,4211,2215.494,685581,309.4483668,3
400,114,4211,3356.524,704916,210.0136927,3
400,113,4211,3356.475,705647,210.2345467,3
400,111,4211,2215.451,687090,310.1354984,3
398,113,4212,2163.03,703938,325.4407012,3
398,111,4212,2754.745,611852,222.1083984,3
398,114,4212,2163.063,700339,323.771892,3
398,112,4212,2754.753,604439,219.416768,3
391,114,4213,155.175,729101,4698.572579,5
391,113,4213,155.18,710615,4579.295012,5
391,112,4213,253.679,665238,2622.361331,4
391,111,4213,253.679,692574,2730.119561,5
406,111,4214,161.766,584006,3610.190028,5
406,113,4214,209.289,704276,3365.088466,5
406,112,4214,161.737,579600,3583.59559,5
406,114,4214,209.286,699463,3342.139465,5
401,112,4215,839.229,723116,861.6432464,4
401,111,4215,839.224,716276,853.4979934,4
401,114,4215,1285,728044,566.5712062,3
401,113,4215,1285.033,713008,554.8557897,3
393,114,4216,997.684,732595,734.2956287,4
393,113,4216,997.683,712447,714.1015733,4
393,112,4216,1282.835,717480,559.2925045,3
393,111,4216,1282.831,732752,571.1991681,3
388,112,4217,2333.898,681395,291.9557753,3
388,114,4217,1733.236,686892,396.3061003,3
388,113,4217,1733.217,699632,403.660938,3
388,111,4217,2333.884,678324,290.6416943,3
399,111,4218,1431.295,646273,451.5302576,3
399,114,4218,2072.793,709728,342.4017738,3
399,113,4218,2072.787,710784,342.912224,3
399,112,4218,1431.327,664899,464.5332618,3
395,111,4219,1653.423,727861,440.2146335,3
395,112,4219,1653.43,732549,443.0480879,3
396,111,4202,58.484,631882,10804.35675,5
396,112,4202,58.484,633492,10831.88564,5
396,114,4202,74.138,725418,9784.698805,5
396,113,4202,74.137,712372,9608.859274,5
402,111,4203,3968.124,641730,161.7212567,2
402,114,4203,3850.844,701892,182.2696531,2
402,113,4203,3850.799,703010,182.5621124,2
402,112,4203,3968.191,634900,159.9973388,2
403,112,4204,1299.52,655674,504.5509111,3
403,111,4204,1299.517,645629,496.8222809,3
403,114,4204,1517.886,724891,477.5661677,3
403,113,4204,1517.841,710120,467.8487404,3
390,112,4205,11024.809,650083,58.96546598,1
390,111,4205,11024.726,649918,58.95094354,1
390,113,4205,10711.214,701630,65.5042463,1
390,114,4205,10711.531,699108,65.26686054,1
405,114,4206,860.534,720652,837.4474454,4
405,113,4206,860.471,721522,838.5198339,4
405,111,4206,809.36,723566,893.9977266,4
405,112,4206,809.335,748191,924.4515559,4
387,112,4207,289.205,682525,2360.004149,4
387,114,4207,862.547,709623,822.7064728,4
387,111,4207,289.204,669306,2314.30409,4
387,113,4207,862.564,722495,837.613209,4
389,112,4208,616.046,682536,1107.930252,4
389,114,4208,706.938,707083,1000.20511,4
389,111,4208,616.034,670188,1087.907486,4
389,113,4208,706.925,708333,1001.991725,4
386,114,4209,5730.056,696545,121.559894,2
386,112,4209,7152.237,671061,93.82533045,2
386,113,4209,5730.09,701622,122.4451972,2
386,111,4209,7152.268,678548,94.87172461,2
409,111,4401,320.711,512816,1598.997228,4
409,112,4401,320.734,518897,1617.842199,4
409,113,4401,268.494,528341,1967.794439,4
409,114,4401,268.495,532557,1983.48945,4
408,111,4402,713.103,540070,757.3520235,4
408,112,4402,713.12,532405,746.5854274,4
408,113,4402,765.32,523170,683.5964041,4
408,114,4402,765.39,523741,684.2799096,3
414,111,4501,2641.599,866316,327.9513658,3
414,113,4501,1547.864,715200,462.056098,3
414,112,4501,2641.719,868789,328.8726015,3
414,114,4501,1547.885,751679,485.6168255,3
412,111,4502,4755.479,820254,172.4860945,2
412,114,4502,3022.345,701799,232.2034711,3
412,113,4502,3022.17,671907,222.3260108,3
412,112,4502,4755.457,833216,175.2126031,2
413,111,4503,5367.628,726747,135.3944424,2
413,112,4503,5367.615,727344,135.5059929,2
413,114,4503,5268.324,680819,129.2287642,2
413,113,4503,5268.276,663437,125.9305701,2
411,111,4504,2142.308,769959,359.4063039,3
411,112,4504,2142.326,779528,363.8699246,3
411,114,4504,1299.229,709631,546.193935,3
411,113,4504,1299.298,690796,531.6686395,3
416,111,4505,7032.957,769725,109.4454296,2
416,113,4505,5505.542,678788,123.2917667,2
416,112,4505,7033.033,773938,110.0432772,2
416,114,4505,5505.648,693302,125.925595,2
415,112,4506,8120.806,696415,85.75688177,2
415,111,4506,8120.725,683311,84.14408812,2
415,113,4506,8062.927,678025,84.09167043,1
415,114,4506,8063.026,661521,82.04376372,1
417,114,4507,5354.653,697395,130.2409325,2
417,113,4507,5354.619,676686,126.3742574,2
419,111,4600,75811,816463,10.7697168,1
419,112,4600,75810.737,824082,10.87025443,1
419,113,4600,75811,844877,11.14451729,1
419,114,4600,75810.728,858469,11.32384588,1
424,111,4701,4095.376,683638,166.9292392,2
424,112,4701,4095.419,684084,167.0363887,2
424,113,4701,4141.924,709547,171.3085513,2
424,114,4701,4142.02,712033,171.9047711,2
422,114,4702,2321.495,732112,315.3622989,3
422,113,4702,2320.678,722761,311.443897,3
422,112,4702,2427.663,733740,302.2412913,3
422,111,4702,2427.656,727532,299.6849636,3
425,112,4703,3411.936,703989,206.3312442,3
425,111,4703,3410.573,694419,203.6077222,3
425,114,4703,4570.299,726420,158.943649,2
425,113,4703,4570.318,721988,157.9732526,2
423,112,4704,10037.9,680748,67.81777065,1
423,114,4704,5984.695,755381,126.2187964,2
423,111,4704,10037.859,692825,69.02119267,1
423,113,4704,5984.837,726649,121.4150026,2
427,114,4705,1248.383,759800,608.6273203,3
427,113,4705,1248.573,739937,592.626142,3
427,112,4705,895.369,718004,801.9084869,4
427,111,4705,895.221,704790,787.2804592,4
426,112,4706,5480.588,803686,146.6422946,2
426,114,4706,6474.694,745077,115.0752453,2
426,111,4706,5480.472,791235,144.3735138,2
426,113,4706,6474.212,724274,111.8706029,2
421,113,4707,9160.436,728823,79.56204268,1
421,111,4707,6292.744,789801,125.5097935,2
421,112,4707,6292.779,807019,128.2452474,2
421,114,4707,9160.295,753850,82.29538459,1
429,114,4708,6850.503,709747,103.6050929,2
429,113,4708,6850.526,710335,103.6905779,2
429,112,4708,8267.031,656373,79.39646047,1
429,111,4708,8266.777,658736,79.68474292,1
428,111,4709,328.218,613921,1870.467189,4
428,114,4709,483.378,705879,1460.304358,4
428,113,4709,483.391,711664,1472.232623,4
428,112,4709,328.204,615710,1875.997855,4
454,113,4801,7858.856,712524,90.66510444,2
454,114,4801,7858.956,715761,91.07583755,2
454,112,4801,8499.531,731785,86.09710348,2
454,111,4801,8499.49,721485,84.88568138,2
452,112,4810,3784.082,990575,261.7741899,3
452,113,4810,5070.951,758585,149.594228,2
452,114,4810,5071.402,792770,156.3216641,2
452,111,4810,3783.614,970318,256.4526931,3
445,111,4811,34986.32,712577,20.36730356,1
445,112,4811,34986.635,719736,20.57174118,1
445,113,4811,27832.167,729613,26.21473923,1
445,114,4811,27832.348,761153,27.34778252,1
435,113,4812,1441.161,732246,508.0945155,3
435,114,4812,1441.167,788381,547.0434724,3
435,112,4812,2167.284,853353,393.7430443,3
435,111,4812,2167.28,845535,390.1364844,3
443,113,4813,38349.244,700874,18.27608388,1
443,112,4813,40100.834,671422,16.74334254,1
443,111,4813,40100.747,679699,16.949784,1
443,114,4813,38349.296,707365,18.44531905,1
440,112,4814,7022.946,809324,115.2399577,2
440,111,4814,7022.717,778788,110.8955409,2
440,113,4814,2441.393,716592,293.5176762,3
440,114,4814,2441.959,739877,302.9850215,3
457,112,4815,10719.318,807923,75.37074653,1
457,111,4815,10719.334,781345,72.89118895,1
457,113,4815,7804.074,731065,93.67735365,2
457,114,4815,7804.116,766342,98.19715647,2
459,113,4816,710.354,728654,1025.761803,4
459,111,4816,575.454,765076,1329.517216,4
459,112,4816,575.582,782650,1359.754127,4
459,114,4816,710.478,741162,1043.187826,4
444,114,4817,7651.251,750140,98.04148367,2
444,113,4817,7651.156,726128,94.90435171,2
444,112,4817,7654.611,769321,100.5042582,2
444,111,4817,7654.566,760543,99.35808248,2
458,114,4818,235.235,764622,3250.460178,5
458,111,4818,225.737,717553,3178.712395,5
458,112,4818,225.729,743364,3293.170129,5
458,113,4818,235.2,741385,3152.147109,5
438,114,4819,25835.679,725517,28.08197919,1
438,113,4819,25835.593,719455,27.84743513,1
438,112,4819,25242.52,709266,28.09806628,1
438,111,4819,25242.489,692491,27.43354667,1
450,112,4802,1901.563,798167,419.7426012,3
450,113,4802,308.753,722575,2340.301147,4
450,114,4802,308.745,753863,2441.70108,4
450,111,4802,1901.466,794169,417.6614254,3
449,114,4820,199.689,774521,3878.636279,5
449,112,4820,183.469,737617,4020.390366,5
449,111,4820,183.452,712239,3882.427011,5
449,113,4820,199.676,752996,3771.089164,5
437,114,4821,5920.869,771369,130.2796937,2
437,112,4821,5120.256,877671,171.4115466,2
437,111,4821,5120.096,869422,169.8058005,2
437,113,4821,5920.887,743443,125.5627746,2
442,111,4822,954.249,924709,969.0437192,4
442,112,4822,954.393,919304,963.2342232,4
442,113,4822,1032.842,783172,758.2689317,4
442,114,4822,1033.174,861570,833.9060023,4
433,113,4823,58059.186,723867,12.46774283,1
433,111,4823,48407.806,845902,17.47449575,1
433,112,4823,48407.696,849085,17.54028946,1
433,114,4823,58059.194,747732,12.87878712,1
453,114,4824,262.766,779968,2968.298791,5
453,112,4824,335.883,803050,2390.862294,4
453,113,4824,262.762,741164,2820.666611,5
453,111,4824,335.844,796543,2371.764867,4
451,114,4825,7621.309,762034,99.98728565,2
451,111,4825,6143.285,816087,132.8421195,2
451,112,4825,6143.311,844491,137.4651226,2
451,113,4825,7620.699,731689,96.01337095,2
432,112,4826,1283.706,940985,733.0222029,4
432,111,4826,1283.594,904158,704.3956267,4
432,113,4826,907.151,768246,846.8777524,4
432,114,4826,907.2,818125,901.8132716,4
460,111,4827,4715.354,743452,157.6662113,2
460,114,4827,9128.096,734713,80.48918416,1
460,112,4827,4715.502,747362,158.4904428,2
460,113,4827,9128.253,714527,78.27642376,1
446,112,4828,13613.132,874870,64.26662138,1
446,114,4828,9378.911,724967,77.29756685,1
446,113,4828,9378.528,724080,77.20614578,1
446,111,4828,13613.129,873678,64.17907301,1
448,114,4829,187.048,758771,4056.557675,5
448,112,4829,229.068,701190,3061.056106,5
448,113,4829,187.068,729827,3901.399491,5
448,111,4829,229.117,683511,2983.240004,5
441,114,4803,480.915,819626,1704.305335,4
441,112,4803,264.458,871241,3294.439949,5
441,111,4803,264.451,850855,3217.439148,5
441,113,4803,480.877,765486,1591.85405,4
447,114,4830,356.295,754382,2117.296061,4
447,111,4830,314.364,695724,2213.116006,4
447,112,4830,314.371,721643,2295.513899,4
447,113,4830,356.272,746336,2094.84888,4
461,111,4831,7114.44,909689,127.8651587,2
461,113,4831,2154.494,767721,356.3347125,3
461,114,4831,2154.35,804974,373.650521,3
461,112,4831,7114.505,928874,130.5605942,2
462,111,4832,158.466,653106,4121.426678,5
462,112,4832,158.493,648237,4090.003975,5
462,113,4832,185.663,718713,3871.062086,5
462,114,4832,187.058,748526,4001.571705,5
466,114,4833,211.95,740323,3492.913423,5
466,113,4833,211.942,725761,3424.337791,5
464,114,4834,8190.786,730907,89.23526997,2
464,113,4834,8190.317,720005,87.90929582,1
465,114,4835,593.799,823909,1387.521703,4
465,113,4835,593.766,752749,1267.753627,4
463,114,4836,7126.021,731274,102.6202421,2
463,113,4836,7125.831,710008,99.6386246,2
456,113,4804,10122.995,710641,70.2006669,1
456,114,4804,10123.106,725212,71.63927751,1
456,112,4804,9449.542,856105,90.59751256,2
456,111,4804,9449.496,852594,90.22639938,2
439,113,4805,5043.847,726896,144.1153945,2
439,111,4805,5400.734,727987,134.7940854,2
439,114,4805,5043.895,743878,147.4808655,2
439,112,4805,5400.778,745295,137.9977107,2
434,112,4806,6196.9,828785,133.7418709,2
434,111,4806,6196.711,818953,132.1593019,2
434,113,4806,2148.407,730955,340.2311573,3
434,114,4806,2148.563,742999,345.8120614,3
431,114,4807,162.086,777640,4797.699986,5
431,112,4807,196.483,815993,4152.995425,5
431,111,4807,196.436,790218,4022.775866,5
431,113,4807,161.944,741599,4579.354592,5
436,114,4808,6054.06,802187,132.5039725,2
436,113,4808,6053.761,761764,125.8331804,2
436,112,4808,8119.051,848871,104.5529829,2
436,111,4808,8118.85,840823,103.5642979,2
455,111,4809,152.625,727885,4769.107289,5
455,112,4809,152.668,727126,4762.792465,5
455,114,4809,165.687,782554,4723.086301,5
455,113,4809,165.644,736852,4448.407428,5
469,111,4901,20802.662,914458,43.95870105,1
469,113,4901,19560.787,720959,36.85736162,1
469,114,4901,19558.897,740397,37.85474201,1
469,112,4901,20802.388,921315,44.28890568,1
470,111,4902,45625.071,889647,19.49908198,1
470,112,4902,45625.935,900009,19.72582041,1
470,113,4902,39987.948,715552,17.89419152,1
470,114,4902,40013.717,750207,18.74874559,1
468,111,4903,15741.887,972364,61.76921483,1
468,112,4903,15765.54,995898,63.16929201,1
468,113,4903,20070.537,718575,35.80248002,1
468,114,4903,20072.464,743301,37.03087972,1
471,113,4904,2550.348,745786,292.4251906,3
471,114,4904,2549.675,762014,298.8671105,3
474,113,5101,3684.319,763763,207.3009965,3
474,112,5101,3762.652,803039,213.4236703,3
474,111,5101,3762.654,789312,209.7753341,3
474,114,5101,3684.144,771237,209.3395372,3
473,111,5110,1847.52,871650,471.794622,3
473,114,5110,1372.06,807670,588.6550151,3
473,113,5110,1372.24,781947,569.8325366,3
473,112,5110,1847.424,895272,484.6055914,3
476,113,5111,185.091,765755,4137.18117,5
476,114,5111,185.164,773973,4179.932384,5
476,111,5111,384.626,802969,2087.661781,4
476,112,5111,384.58,816013,2121.829008,4
480,111,5102,960.83,636095,662.0265812,4
480,112,5102,961.024,649047,675.3702301,4
480,114,5102,992.596,748489,754.0721502,4
480,113,5102,991.676,738759,744.9600474,4
482,112,5103,1115.04,658851,590.8765605,4
482,113,5103,947.101,742782,784.2690484,4
482,114,5103,947.28,738228,779.3134026,4
482,111,5103,1115.048,680587,610.3656524,4
479,111,5104,4481.629,746299,166.5240474,2
479,113,5104,4310.343,739602,171.5877368,2
479,112,5104,4481.652,746992,166.6778233,2
479,114,5104,4310.453,753899,174.9001787,2
483,113,5105,10029.794,735799,73.36132726,1
483,111,5105,8907.232,683474,76.73247985,1
483,112,5105,8907.24,684075,76.79988414,1
483,114,5105,10030.193,736851,73.46329228,1
475,112,5106,5627.133,711308,126.4068221,2
475,111,5106,5627.124,706207,125.5005221,2
475,113,5106,5930.021,735143,123.9697128,2
475,114,5106,5929.741,745367,125.6997565,2
477,112,5107,3499.871,763850,218.2509012,3
477,111,5107,3499.636,758388,216.704823,3
477,114,5107,2776.441,778480,280.3877338,3
477,113,5107,2776.393,760928,274.0707097,3
478,111,5108,122.498,698321,5700.672664,5
478,113,5108,149.239,774396,5188.965351,5
478,114,5108,149.24,808352,5416.456714,5
478,112,5108,122.519,712513,5815.530652,5
481,113,5109,9113.869,721531,79.16846292,1
481,114,5109,9114.509,720447,79.04397264,1
481,111,5109,8781.289,651315,74.17077379,1
481,112,5109,8781.305,655644,74.66361777,1
486,111,5000,9216.657,625960,67.91616526,1
486,112,5000,9216.687,626431,67.96704716,1
486,113,5000,9216.657,626630,67.98885974,1
486,114,5000,9216.991,626042,67.92260077,1
493,114,5301,6186.191,713051,115.2649506,2
493,111,5301,438.391,749670,1710.048792,4
493,112,5301,438.392,750505,1711.949579,4
493,113,5301,6186.472,709693,114.7169178,2
497,114,5310,826.741,726847,879.1713487,4
497,113,5310,826.674,701194,848.2110239,4
490,112,5302,6543.091,770876,117.815265,2
490,113,5302,1015.021,692085,681.8430358,4
490,114,5302,1015.115,726951,716.1267443,4
490,111,5302,6543.05,757423,115.7599285,2
492,113,5303,9114.015,691968,75.92350901,1
492,112,5303,7507.067,781617,104.1174936,2
492,111,5303,7507.055,784754,104.5355336,2
492,114,5303,9114.13,711569,78.07316771,1
488,112,5304,19043.253,794559,41.72391135,1
488,114,5304,19250.317,709698,36.86682147,1
488,111,5304,19042.905,778585,40.88583123,1
488,113,5304,19250.223,698426,36.28144983,1
489,113,5305,15473.126,681812,44.06426988,1
489,111,5305,22861.894,725352,31.72755503,1
489,112,5305,22861.874,726852,31.79319421,1
489,114,5305,15473.128,696426,45.00874031,1
496,114,5306,6903.06,680903,98.63785046,2
496,112,5306,6752.548,712566,105.5254994,2
496,113,5306,6902.732,682280,98.84202371,2
496,111,5306,6752.539,710698,105.2490034,2
495,111,5307,141.206,709818,5026.826056,5
495,113,5307,144.134,706603,4902.403319,5
495,114,5307,144.028,746317,5181.749382,5
495,112,5307,141.202,721921,5112.68254,5
491,114,5308,7359.979,730327,99.22949508,2
491,112,5308,2564.373,835459,325.7946484,3
491,111,5308,2564.331,814730,317.7163946,3
491,113,5308,7359.698,701614,95.33190085,2
494,114,5309,183.524,728262,3968.211242,5
494,112,5309,604.173,735683,1217.669442,4
494,111,5309,604.15,713466,1180.941819,4
494,113,5309,183.426,705731,3847.497083,5
500,111,5501,1675.422,730437,435.9719521,3
500,112,5501,1675.594,727376,434.1003847,3
500,113,5501,1727.915,709472,410.5942711,3
500,114,5501,1727.903,714073,413.2598879,3
501,113,5502,4536.686,733541,161.6909347,2
501,114,5502,4536.785,750045,165.3252248,2
501,111,5502,3493.866,748934,214.3568185,3
501,112,5502,3493.875,757809,216.8964259,3
506,111,5503,13531.585,731228,54.03860671,1
506,112,5503,13531.857,734360,54.26897432,1
506,113,5503,11111.788,711620,64.04189857,1
506,114,5503,11111.932,719264,64.72897782,1
504,111,5504,111.925,671566,6000.142953,5
504,113,5504,128.346,715840,5577.423527,5
504,112,5504,112.047,674811,6022.570885,5
504,114,5504,128.369,716998,5585.445084,5
507,111,5505,1269.625,707744,557.4433396,3
507,113,5505,1890.749,723153,382.4690638,3
507,112,5505,1269.597,710474,559.6059222,3
507,114,5505,1890.896,723853,382.8095252,3
502,113,5506,4918.395,713224,145.0115332,2
502,114,5506,4918.637,710564,144.4635984,2
502,111,5506,5614.432,707466,126.0084725,2
502,112,5506,5614.479,708000,126.1025288,2
503,111,5507,18751.942,688692,36.72643612,1
503,113,5507,23037.258,715263,31.04809609,1
503,112,5507,18751.782,686560,36.61305363,1
503,114,5507,23037.326,709049,30.77826828,1
505,111,5508,9708.79,704980,72.61255007,1
505,112,5508,9708.88,712377,73.37375681,1
505,113,5508,6806.667,720600,105.8667921,2
505,114,5508,6806.509,727491,106.8816628,2
509,111,5401,6275.563,619576,98.72835314,2
509,114,5401,6275.803,614959,97.98889481,2
509,113,5401,6275.563,617842,98.45204327,2
509,112,5401,6275.803,614309,97.8853224,2
511,112,5402,8450.666,653767,77.36277827,1
511,111,5402,8448.061,645870,76.45186274,1
511,114,5402,8019.911,628879,78.41471059,1
511,113,5402,8017.313,626979,78.20313364,1
510,113,5403,9745.334,609483,62.5410068,1
510,112,5403,9314.797,587288,63.04893172,1
510,111,5403,9314.586,588527,63.18337712,1
510,114,5403,9745.548,600290,61.59633096,1
513,111,5600,97093.141,564460,5.81359295,1
513,112,5600,97093.772,568158,5.85164206,1
513,113,5600,97093.141,582658,6.001021226,1
513,114,5600,97093.871,586107,6.036498432,1
