id,speech_id,person_id,surname
1,2923502,18413,corker
2,2923503,182,cardin
3,2923504,18413,corker
4,2923505,18413,corker
5,2923506,27586,coons
6,2923507,18413,corker
7,2923508,18413,corker
8,2923509,18413,corker
9,2923510,18413,corker
10,2923511,18413,corker
11,2923512,18413,corker
12,2923513,18413,corker
13,2923514,18413,corker
14,2923515,18413,corker
15,2923516,18413,corker
16,2923517,18413,corker
17,2923518,18413,corker
18,2923519,182,cardin
19,2923520,182,cardin
20,2923521,182,cardin
21,2923522,182,cardin
22,2923523,182,cardin
23,2923524,182,cardin
24,2923525,18413,corker
25,2923526,11538,gardner
26,2923527,11538,gardner
27,2923528,11538,gardner
28,2923529,11538,gardner
29,2923530,11538,gardner
30,2923531,11538,gardner
31,2923532,11538,gardner
32,2923533,11538,gardner
33,2923534,11538,gardner
34,2923535,11538,gardner
35,2923536,11538,gardner
36,2923537,11538,gardner
37,2923538,11538,gardner
38,2923539,11538,gardner
39,2923540,18413,corker
40,2923541,18413,corker
41,2923542,18413,corker
42,2923543,182,cardin
43,2923544,18413,corker
44,2923545,11538,gardner
45,2923546,18413,corker
46,2923547,18413,corker
47,2923548,18413,corker
48,2923549,18413,corker
49,2923550,18413,corker
50,2923551,18413,corker
51,2923552,18413,corker
52,2923553,18413,corker
53,2923554,18413,corker
54,2923555,18413,corker
55,2923556,18413,corker
56,2923557,182,cardin
57,2923558,182,cardin
58,2923559,182,cardin
59,2923560,182,cardin
60,2923561,18413,corker
61,2923562,34505,perdue
62,2923563,34505,perdue
63,2923564,18413,corker
64,2923565,27586,coons
65,2923566,27586,coons
66,2923567,18413,corker
67,2923568,27586,coons
68,2923569,18413,corker
69,2923570,27586,coons
70,2923571,27586,coons
71,2923572,27586,coons
72,2923573,27586,coons
73,2923574,27586,coons
74,2923575,27586,coons
75,2923576,27586,coons
76,2923577,27586,coons
77,2923578,18413,corker
78,2923579,27586,coons
79,2923580,18413,corker
80,2923581,4622,shaheen
81,2923582,4622,shaheen
82,2923583,182,cardin
83,2923584,4622,shaheen
84,2923585,182,cardin
85,2923586,4622,shaheen
86,2923587,4622,shaheen
87,2923588,4622,shaheen
88,2923589,4622,shaheen
89,2923590,4622,shaheen
90,2923591,4622,shaheen
91,2923592,4622,shaheen
92,2923593,4622,shaheen
93,2923594,4622,shaheen
94,2923595,4622,shaheen
95,2923596,18413,corker
96,2923597,4622,shaheen
97,2923598,4622,shaheen
98,2923599,18413,corker
99,2923600,18413,corker
100,2923601,182,cardin
101,2923602,18413,corker
102,2923603,18413,corker
103,2923604,18413,corker
104,2923605,182,cardin
105,2923606,182,cardin
106,2923607,182,cardin
107,2923608,182,cardin
108,2923609,18413,corker
109,2923610,34059,perdue
110,2923611,34059,perdue
111,2923612,34059,perdue
112,2923613,34059,perdue
113,2923614,182,cardin
114,2923615,14903,murphy
115,2923616,14903,murphy
116,2923617,14903,murphy
117,2923618,18413,corker
118,2923619,18905,barrasso
119,2923620,18905,barrasso
120,2923621,18905,barrasso
121,2923622,18905,barrasso
122,2923623,18905,barrasso
123,2923624,18905,barrasso
124,2923625,18905,barrasso
125,2923626,18413,corker
126,2923627,31144,kaine
127,2923628,31144,kaine
128,2923629,31144,kaine
129,2923630,18413,corker
130,2923631,2442,udall
131,2923632,2442,udall
132,2923633,2442,udall
133,2923634,2442,udall
134,2923635,2442,udall
135,2923636,2442,udall
136,2923637,18413,corker
137,2923638,5396,isakson
138,2923639,5396,isakson
139,2923640,5396,isakson
140,2923641,5396,isakson
141,2923642,5396,isakson
142,2923643,5396,isakson
143,2923644,5396,isakson
144,2923645,5396,isakson
145,2923646,5396,isakson
146,2923647,5396,isakson
147,2923648,18413,corker
148,2923649,18413,corker
149,2923650,18413,corker
150,2923651,18413,corker
151,2923652,18413,corker
152,2923653,18413,corker
153,2923654,18413,corker
154,2923655,18413,corker
155,2923656,18413,corker
156,2923657,18413,corker
157,2923658,18413,corker
158,2923659,18413,corker
159,2923660,18413,corker
160,2923661,18413,corker
161,2923662,182,cardin
162,2923663,18413,corker
163,2923664,18413,corker
164,2923665,18413,corker
165,2923666,18413,corker
166,2923667,18413,corker
167,2923668,18413,corker
168,2923669,18413,corker
169,2923670,18413,corker
170,2923671,182,cardin
171,2923672,182,cardin
172,2923673,182,cardin
173,2923674,182,cardin
174,2923675,18413,corker
175,2923676,31144,kaine
176,2923677,31144,kaine
177,2923678,18413,corker
178,2923679,31144,kaine
179,2923680,31144,kaine
180,2923681,18413,corker
181,2923682,31144,kaine
182,2923683,31144,kaine
183,2923684,18413,corker
184,2923685,18413,corker
185,2923686,18413,corker
186,2923687,18413,corker
187,2923688,18413,corker
188,2923689,18413,corker
189,2923690,18413,corker
190,2923691,182,cardin
191,2923692,18413,corker
192,2923693,18413,corker
193,2923694,18413,corker
194,2923695,18413,corker
195,2923696,18413,corker
196,2923697,182,cardin
197,2923698,182,cardin
198,2923699,182,cardin
199,2923700,182,cardin
200,2923701,182,cardin
201,2923702,182,cardin
202,2923703,182,cardin
203,2923704,182,cardin
204,2923705,18413,corker
205,2923706,34059,perdue
206,2923707,34059,perdue
207,2923708,34059,perdue
208,2923709,34059,perdue
209,2923710,34059,perdue
210,2923711,34059,perdue
211,2923712,18413,corker
212,2923713,27586,coons
213,2923714,27586,coons
214,2923715,27586,coons
215,2923716,18413,corker
216,2923717,11538,gardner
217,2923718,11538,gardner
218,2923719,11538,gardner
219,2923720,11538,gardner
220,2923721,11538,gardner
221,2923722,11538,gardner
222,2923723,11538,gardner
223,2923724,11538,gardner
224,2923725,11538,gardner
225,2923726,11538,gardner
226,2923727,11538,gardner
227,2923728,11538,gardner
228,2923729,11538,gardner
229,2923730,11538,gardner
230,2923731,11538,gardner
231,2923732,18413,corker
232,2923733,31144,kaine
233,2923734,31144,kaine
234,2923735,31144,kaine
235,2923736,31144,kaine
236,2923737,136,markey
237,2923738,31144,kaine
238,2923739,31144,kaine
239,2923740,18413,corker
240,2923741,5396,isakson
241,2923742,18413,corker
242,2923743,5396,isakson
243,2923744,18413,corker
244,2923745,5396,isakson
245,2923746,5396,isakson
246,2923747,5396,isakson
247,2923748,5396,isakson
248,2923749,5396,isakson
249,2923750,5396,isakson
250,2923751,14903,murphy
251,2923752,14903,murphy
252,2923753,2437,menendez
253,2923754,2437,menendez
254,2923755,2437,menendez
255,2923756,2437,menendez
256,2923757,2437,menendez
257,2923758,2437,menendez
258,2923759,2437,menendez
259,2923760,2437,menendez
260,2923761,2437,menendez
261,2923762,2437,menendez
262,2923763,18413,corker
263,2923764,18413,corker
264,2923765,18413,corker
265,2923766,18413,corker
266,2923767,18413,corker
267,2923768,18413,corker
268,2923769,18413,corker
269,2923770,18413,corker
270,2923771,182,cardin
271,2923772,18413,corker
272,2923773,136,markey
273,2923774,136,markey
274,2923775,136,markey
275,2923776,18413,corker
276,2923777,18413,corker
277,2923778,18413,corker
278,2923779,18413,corker
279,2923780,18413,corker
280,2923781,18413,corker
281,2923782,18413,corker
282,2923783,18413,corker
283,2923784,18413,corker
284,2923785,18413,corker
285,2923786,18413,corker
286,2923787,18413,corker
287,2923788,18413,corker
288,2923789,18413,corker
289,2923790,18413,corker
290,2923791,18413,corker
291,2923792,18413,corker
292,2923793,182,cardin
293,2923794,182,cardin
294,2923795,182,cardin
295,2923796,182,cardin
296,2923797,182,cardin
297,2923798,182,cardin
298,2923799,18413,corker
299,2923800,18413,corker
300,2923801,18413,corker
301,2923802,2437,menendez
302,2923803,18413,corker
303,2923804,18413,corker
304,2923805,18413,corker
305,2923806,18413,corker
306,2923807,18413,corker
307,2923808,18413,corker
308,2923809,18413,corker
309,2923810,18413,corker
310,2923811,18413,corker
311,2923812,18413,corker
312,2923813,2437,menendez
313,2923814,2437,menendez
314,2923815,2437,menendez
315,2923816,2437,menendez
316,2923817,2437,menendez
317,2923818,2437,menendez
318,2923819,2437,menendez
319,2923820,2437,menendez
320,2923821,2437,menendez
321,2923822,2437,menendez
322,2923823,2437,menendez
323,2923824,18413,corker
324,2923825,24982,johnson
325,2923826,24982,johnson
326,2923827,24982,johnson
327,2923828,24982,johnson
328,2923829,24982,johnson
329,2923830,24982,johnson
330,2923831,24982,johnson
331,2923832,24982,johnson
332,2923833,24982,johnson
333,2923834,18413,corker
334,2923835,182,cardin
335,2923836,182,cardin
336,2923837,182,cardin
337,2923838,182,cardin
338,2923839,182,cardin
339,2923840,182,cardin
340,2923841,182,cardin
341,2923842,182,cardin
342,2923843,182,cardin
343,2923844,182,cardin
344,2923845,18413,corker
345,2923846,25615,paul
346,2923847,25615,paul
347,2923848,25615,paul
348,2923849,25615,paul
349,2923850,25615,paul
350,2923851,25615,paul
351,2923852,25615,paul
352,2923853,25615,paul
353,2923854,25615,paul
354,2923855,18413,corker
355,2923856,136,markey
356,2923857,136,markey
357,2923858,136,markey
358,2923859,18413,corker
359,2923860,5396,isakson
360,2923861,5396,isakson
361,2923862,5396,isakson
362,2923863,5396,isakson
363,2923864,5396,isakson
364,2923865,5396,isakson
365,2923866,5396,isakson
366,2923867,5396,isakson
367,2923868,5396,isakson
368,2923869,5396,isakson
369,2923870,18413,corker
370,2923871,1836,boxer
371,2923872,1836,boxer
372,2923873,1836,boxer
373,2923874,18413,corker
374,2923875,27291,rubio
375,2923876,27291,rubio
376,2923877,27291,rubio
377,2923878,27291,rubio
378,2923879,27291,rubio
379,2923880,18413,corker
380,2923881,31144,kaine
381,2923882,31144,kaine
382,2923883,31144,kaine
383,2923884,31144,kaine
384,2923885,11538,gardner
385,2923886,11538,gardner
386,2923887,11538,gardner
387,2923888,11538,gardner
388,2923889,11538,gardner
389,2923890,11538,gardner
390,2923891,5134,flake
391,2923892,14903,murphy
392,2923893,14903,murphy
393,2923894,14903,murphy
394,2923895,14903,murphy
395,2923896,14903,murphy
396,2923897,14903,murphy
397,2923898,14903,murphy
398,2923899,5134,flake
399,2923900,5134,flake
400,2923901,5134,flake
401,2923902,5134,flake
402,2923903,5134,flake
403,2923904,5134,flake
404,2923905,18413,corker
405,2923906,31144,kaine
406,2923907,31144,kaine
407,2923908,31144,kaine
408,2923909,18413,corker
409,2923910,31144,kaine
410,2923911,18413,corker
411,2923912,18413,corker
412,2923913,18413,corker
413,2923914,18413,corker
414,2923915,18413,corker
415,2923916,18413,corker
416,2923917,18413,corker
417,2923918,18413,corker
418,2923919,18413,corker
419,2923920,2437,menendez
420,2923921,18413,corker
421,2923922,18413,corker
422,2923923,18413,corker
423,2923924,18413,corker
424,2923925,18413,corker
425,2923926,18413,corker
426,2923927,18413,corker
427,2923928,2437,menendez
428,2923929,2437,menendez
429,2923930,2437,menendez
430,2923931,2437,menendez
431,2923932,2437,menendez
432,2923933,18413,corker
433,2923934,24028,risch
434,2923935,24028,risch
435,2923936,24028,risch
436,2923937,24028,risch
437,2923938,24028,risch
438,2923939,18413,corker
439,2923940,182,cardin
440,2923941,182,cardin
441,2923942,182,cardin
442,2923943,182,cardin
443,2923944,182,cardin
444,2923945,18413,corker
445,2923946,5396,isakson
446,2923947,5396,isakson
447,2923948,5396,isakson
448,2923949,5396,isakson
449,2923950,5396,isakson
450,2923951,5396,isakson
451,2923952,5396,isakson
452,2923953,5396,isakson
453,2923954,5396,isakson
454,2923955,5396,isakson
455,2923956,18413,corker
456,2923957,11538,gardner
457,2923958,11538,gardner
458,2923959,11538,gardner
459,2923960,11538,gardner
460,2923961,11538,gardner
461,2923962,11538,gardner
462,2923963,11538,gardner
463,2923964,11538,gardner
464,2923965,18413,corker
465,2923966,27291,rubio
466,2923967,27291,rubio
467,2923968,27291,rubio
468,2923969,27291,rubio
469,2923970,27291,rubio
470,2923971,27291,rubio
471,2923972,27291,rubio
472,2923973,18413,corker
473,2923974,18413,corker
474,2923975,2437,menendez
475,2923976,18413,corker
476,2923977,18413,corker
477,2923978,18413,corker
478,2923979,18413,corker
479,2923980,18413,corker
480,2923981,18413,corker
481,2923982,18413,corker
482,2923983,2437,menendez
483,2923984,2437,menendez
484,2923985,2437,menendez
485,2923986,2437,menendez
486,2923987,2437,menendez
487,2923988,18413,corker
488,2923989,18413,corker
489,2923990,30615,kaine
490,2923991,30615,kaine
491,2923992,30615,kaine
492,2923993,30615,kaine
493,2923994,30615,kaine
494,2923995,18413,corker
495,2923996,18413,corker
496,2923997,18413,corker
497,2923998,2437,menendez
498,2923999,18413,corker
499,2924000,18413,corker
500,2924001,18413,corker
501,2924002,18413,corker
502,2924003,18413,corker
503,2924004,18413,corker
504,2924005,18413,corker
505,2924006,18413,corker
506,2924007,2437,menendez
507,2924008,2437,menendez
508,2924009,2437,menendez
509,2924010,2437,menendez
510,2924011,2437,menendez
511,2924012,2437,menendez
512,2924013,2437,menendez
513,2924014,2437,menendez
514,2924015,2437,menendez
515,2924016,2437,menendez
516,2924017,18413,corker
517,2924018,11538,gardner
518,2924019,11538,gardner
519,2924020,11538,gardner
520,2924021,11538,gardner
521,2924022,11538,gardner
522,2924023,11538,gardner
523,2924024,11538,gardner
524,2924025,18413,corker
525,2924026,4622,shaheen
526,2924027,4622,shaheen
527,2924028,4622,shaheen
528,2924029,4622,shaheen
529,2924030,4622,shaheen
530,2924031,4622,shaheen
531,2924032,4622,shaheen
532,2924033,18413,corker
533,2924034,182,cardin
534,2924035,182,cardin
535,2924036,182,cardin
536,2924037,182,cardin
537,2924038,182,cardin
538,2924039,182,cardin
539,2924040,182,cardin
540,2924041,18413,corker
541,2924042,2437,menendez
542,2924043,2437,menendez
543,2924044,18413,corker
544,2924045,18413,corker
545,2924046,18413,corker
546,2924047,2437,menendez
547,2924048,18413,corker
548,2924049,1836,boxer
549,2924050,18413,corker
550,2924051,1836,boxer
551,2924052,18413,corker
552,2924053,18413,corker
553,2924054,18413,corker
554,2924055,18413,corker
555,2924056,18413,corker
556,2924057,18413,corker
557,2924058,18413,corker
558,2924059,18413,corker
559,2924060,18413,corker
560,2924061,2437,menendez
561,2924062,2437,menendez
562,2924063,2437,menendez
563,2924064,2437,menendez
564,2924065,18413,corker
565,2924066,11538,gardner
566,2924067,11538,gardner
567,2924068,11538,gardner
568,2924069,11538,gardner
569,2924070,11538,gardner
570,2924071,11538,gardner
571,2924072,11538,gardner
572,2924073,11538,gardner
573,2924074,11538,gardner
574,2924075,18413,corker
575,2924076,136,markey
576,2924077,136,markey
577,2924078,136,markey
578,2924079,136,markey
579,2924080,136,markey
580,2924081,136,markey
581,2924082,136,markey
582,2924083,136,markey
583,2924084,136,markey
584,2924085,18413,corker
585,2924086,18905,barrasso
586,2924087,18905,barrasso
587,2924088,18905,barrasso
588,2924089,18905,barrasso
589,2924090,18905,barrasso
590,2924091,18905,barrasso
591,2924092,18905,barrasso
592,2924093,18905,barrasso
593,2924094,18413,corker
594,2924095,14903,murphy
595,2924096,14903,murphy
596,2924097,14903,murphy
597,2924098,14903,murphy
598,2924099,18413,corker
599,2924100,24982,johnson
600,2924101,24982,johnson
601,2924102,24982,johnson
602,2924103,24982,johnson
603,2924104,24982,johnson
604,2924105,24982,johnson
605,2924106,24982,johnson
606,2924107,24982,johnson
607,2924108,24982,johnson
608,2924109,24982,johnson
609,2924110,24982,johnson
610,2924111,24982,johnson
611,2924112,18413,corker
612,2924113,30615,kaine
613,2924114,30615,kaine
614,2924115,18413,corker
615,2924116,18413,corker
616,2924117,4622,shaheen
617,2924118,4622,shaheen
618,2924119,4622,shaheen
619,2924120,4622,shaheen
620,2924121,4622,shaheen
621,2924122,18413,corker
622,2924123,5134,flake
623,2924124,18413,corker
624,2924125,27586,coons
625,2924126,27586,coons
626,2924127,27586,coons
627,2924128,18413,corker
628,2924129,27586,coons
629,2924130,18413,corker
630,2924131,25615,paul
631,2924132,25615,paul
632,2924133,18413,corker
633,2924134,2442,udall
634,2924135,2442,udall
635,2924136,2442,udall
636,2924137,2442,udall
637,2924138,18413,corker
638,2924139,27291,rubio
639,2924140,27291,rubio
640,2924141,27291,rubio
641,2924142,18413,corker
642,2924143,27291,rubio
643,2924144,2437,menendez
644,2924145,27291,rubio
645,2924146,27291,rubio
646,2924147,27291,rubio
647,2924148,27291,rubio
648,2924149,27291,rubio
649,2924150,18413,corker
650,2924151,24028,risch
651,2924152,24028,risch
652,2924153,24028,risch
653,2924154,18413,corker
654,2924155,2437,menendez
655,2924156,2437,menendez
656,2924157,2437,menendez
657,2924158,2437,menendez
658,2924159,2437,menendez
659,2924160,2437,menendez
660,2924161,2437,menendez
661,2924162,18413,corker
662,2924163,18413,corker
663,2924164,24982,johnson
664,2924165,24982,johnson
665,2924166,4622,shaheen
666,2924167,4622,shaheen
667,2924168,24982,johnson
668,2924169,24982,johnson
669,2924170,24982,johnson
670,2924171,24982,johnson
671,2924172,24982,johnson
672,2924173,24982,johnson
673,2924174,24982,johnson
674,2924175,24982,johnson
675,2924176,24982,johnson
676,2924177,24982,johnson
677,2924178,24982,johnson
678,2924179,24982,johnson
679,2924180,24982,johnson
680,2924181,4622,shaheen
681,2924182,4622,shaheen
682,2924183,4622,shaheen
683,2924184,4622,shaheen
684,2924185,4622,shaheen
685,2924186,4622,shaheen
686,2924187,24982,johnson
687,2924188,11538,gardner
688,2924189,11538,gardner
689,2924190,11538,gardner
690,2924191,11538,gardner
691,2924192,11538,gardner
692,2924193,24982,johnson
693,2924194,14903,murphy
694,2924195,14903,murphy
695,2924196,24982,johnson
696,2924197,14903,murphy
697,2924198,14903,murphy
698,2924199,24982,johnson
699,2924200,31144,kaine
700,2924201,31144,kaine
701,2924202,31144,kaine
702,2924203,31144,kaine
703,2924204,31144,kaine
704,2924205,31144,kaine
705,2924206,24982,johnson
706,2924207,24982,johnson
707,2924208,31144,kaine
708,2924209,31144,kaine
709,2924210,24982,johnson
710,2924211,24982,johnson
711,2924212,24982,johnson
712,2924213,24982,johnson
713,2924214,4622,shaheen
714,2924215,4622,shaheen
715,2924216,4622,shaheen
716,2924217,4622,shaheen
717,2924218,4622,shaheen
718,2924219,24982,johnson
719,2924220,24982,johnson
720,2924221,24982,johnson
721,2924222,24982,johnson
722,2924223,24982,johnson
723,2924224,24982,johnson
724,2924225,24982,johnson
725,2924226,18413,corker
726,2924227,182,cardin
727,2924228,182,cardin
728,2924229,18413,corker
729,2924230,182,cardin
730,2924231,182,cardin
731,2924232,182,cardin
732,2924233,182,cardin
733,2924234,182,cardin
734,2924235,11538,gardner
735,2924236,11538,gardner
736,2924237,11538,gardner
737,2924238,11538,gardner
738,2924239,11538,gardner
739,2924240,11538,gardner
740,2924241,14903,murphy
741,2924242,14903,murphy
742,2924243,14903,murphy
743,2924244,14903,murphy
744,2924245,14903,murphy
745,2924246,34505,perdue
746,2924247,34505,perdue
747,2924248,34505,perdue
748,2924249,34505,perdue
749,2924250,34505,perdue
750,2924251,182,cardin
751,2924252,182,cardin
752,2924253,182,cardin
753,2924254,182,cardin
754,2924255,182,cardin
755,2924256,182,cardin
756,2924257,182,cardin
757,2924258,182,cardin
758,2924259,182,cardin
759,2924260,11538,gardner
760,2924261,11538,gardner
761,2924262,11538,gardner
762,2924263,11538,gardner
763,2924264,11538,gardner
764,2924265,11538,gardner
765,2924266,18905,barrasso
766,2924267,2442,udall
767,2924268,18905,barrasso
768,2924269,18905,barrasso
769,2924270,18905,barrasso
770,2924271,18905,barrasso
771,2924272,18905,barrasso
772,2924273,18905,barrasso
773,2924274,18905,barrasso
774,2924275,18905,barrasso
775,2924276,18905,barrasso
776,2924277,18905,barrasso
777,2924278,18905,barrasso
778,2924279,2442,udall
779,2924280,2442,udall
780,2924281,2442,udall
781,2924282,2442,udall
782,2924283,18905,barrasso
783,2924284,11538,gardner
784,2924285,11538,gardner
785,2924286,11538,gardner
786,2924287,11538,gardner
787,2924288,18905,barrasso
788,2924289,18905,barrasso
789,2924290,18905,barrasso
790,2924291,18905,barrasso
791,2924292,18905,barrasso
792,2924293,18905,barrasso
793,2924294,18905,barrasso
794,2924295,18905,barrasso
795,2924296,2442,udall
796,2924297,2442,udall
797,2924298,2442,udall
798,2924299,2442,udall
799,2924300,2442,udall
800,2924301,18905,barrasso
801,2924302,136,markey
802,2924303,136,markey
803,2924304,136,markey
804,2924305,136,markey
805,2924306,136,markey
806,2924307,18905,barrasso
807,2924308,18905,barrasso
808,2924309,18905,barrasso
809,2924310,18905,barrasso
810,2924311,18905,barrasso
811,2924312,18905,barrasso
812,2924313,18905,barrasso
813,2924314,18905,barrasso
814,2924315,18905,barrasso
815,2924316,18905,barrasso
816,2924317,2442,udall
817,2924318,2442,udall
818,2924319,2442,udall
819,2924320,2442,udall
820,2924321,2442,udall
821,2924322,18905,barrasso
822,2924323,18905,barrasso
823,2924324,2442,udall
824,2924325,2442,udall
825,2924326,2442,udall
826,2924327,2442,udall
827,2924328,18905,barrasso
828,2924329,18413,corker
829,2924330,18413,corker
830,2924331,18413,corker
831,2924332,18413,corker
832,2924333,18413,corker
833,2924334,18413,corker
834,2924335,18413,corker
835,2924336,18413,corker
836,2924337,18413,corker
837,2924338,18413,corker
838,2924339,18413,corker
839,2924340,18413,corker
840,2924341,18413,corker
841,2924342,18413,corker
842,2924343,1132,collins
843,2924344,1132,collins
844,2924345,1132,collins
845,2924346,18413,corker
846,2924347,18413,corker
847,2924348,18413,corker
848,2924349,18413,corker
849,2924350,18413,corker
850,2924351,4015,roberts
851,2924352,4015,roberts
852,2924353,4015,roberts
853,2924354,18413,corker
854,2924355,18413,corker
855,2924356,18413,corker
856,2924357,18413,corker
857,2924358,18413,corker
858,2924359,18413,corker
859,2924360,18413,corker
860,2924361,18413,corker
861,2924362,18413,corker
862,2924363,18413,corker
863,2924364,18413,corker
864,2924365,18413,corker
865,2924366,18413,corker
866,2924367,18413,corker
867,2924368,18413,corker
868,2924369,18413,corker
869,2924370,18413,corker
870,2924371,18413,corker
871,2924372,18413,corker
872,2924373,18413,corker
873,2924374,18413,corker
874,2924375,18413,corker
875,2924376,18413,corker
876,2924377,18413,corker
877,2924378,18413,corker
878,2924379,18413,corker
879,2924380,18413,corker
880,2924381,18413,corker
881,2924382,8603,alexander
882,2924383,1847,murray
883,2924384,18413,corker
884,2924385,24565,jones
885,2924386,18413,corker
886,2924387,24565,jones
887,2924388,24565,jones
888,2924389,18413,corker
889,2924390,18413,corker
890,2924391,5396,isakson
891,2924392,18413,corker
892,2924393,5396,isakson
893,2924394,18413,corker
894,2924395,18413,corker
895,2924396,34536,richburg-hayes
896,2924397,18413,corker
897,2924398,24565,jones
898,2924399,18413,corker
899,2924400,24565,jones
900,2924401,18413,corker
901,2924402,18413,corker
902,2924403,18413,corker
903,2924404,18413,corker
904,2924405,1847,murray
905,2924406,34536,richburg-hayes
906,2924407,1847,murray
907,2924408,1847,murray
908,2924409,1847,murray
909,2924410,24565,jones
910,2924411,1847,murray
911,2924412,18413,corker
912,2924413,1132,collins
913,2924414,24565,jones
914,2924415,1132,collins
915,2924416,1132,collins
916,2924417,1132,collins
917,2924418,34536,richburg-hayes
918,2924419,1132,collins
919,2924420,18413,corker
920,2924421,14903,murphy
921,2924422,24565,jones
922,2924423,14903,murphy
923,2924424,14903,murphy
924,2924425,18413,corker
925,2924426,34536,richburg-hayes
926,2924427,24565,jones
927,2924428,24565,jones
928,2924429,24565,jones
929,2924430,18413,corker
930,2924431,2367,baldwin
931,2924432,2367,baldwin
932,2924433,24565,jones
933,2924434,2367,baldwin
934,2924435,2367,baldwin
935,2924436,34536,richburg-hayes
936,2924437,2367,baldwin
937,2924438,18413,corker
938,2924439,24165,bennet
939,2924440,24165,bennet
940,2924441,24165,bennet
941,2924442,24165,bennet
942,2924443,24165,bennet
943,2924444,24165,bennet
944,2924445,18413,corker
945,2924446,14402,warren
946,2924447,24565,jones
947,2924448,14402,warren
948,2924449,14402,warren
949,2924450,14402,warren
950,2924451,24565,jones
951,2924452,14402,warren
952,2924453,24565,jones
953,2924454,14402,warren
954,2924455,18413,corker
955,2924456,1847,murray
956,2924457,18413,corker
957,2924458,1132,collins
958,2924459,1132,collins
959,2924460,1132,collins
960,2924461,1132,collins
961,2924462,1132,collins
962,2924463,1132,collins
963,2924464,1132,collins
964,2924465,1132,collins
965,2924466,1132,collins
966,2924467,1132,collins
967,2924468,1132,collins
968,2924469,1132,collins
969,2924470,1132,collins
970,2924471,1132,collins
971,2924472,1132,collins
972,2924473,1132,collins
973,2924474,1132,collins
974,2924475,18413,corker
975,2924476,18413,corker
976,2924477,18413,corker
977,2924478,18413,corker
978,2924479,18413,corker
979,2924480,18413,corker
980,2924481,18413,corker
981,2924482,18413,corker
982,2924483,18413,corker
983,2924484,18413,corker
984,2924485,18413,corker
985,2924486,18413,corker
986,2924487,18413,corker
987,2924488,24982,johnson
988,2924489,2367,baldwin
989,2924490,24982,johnson
990,2924491,34549,bohn
991,2924492,24982,johnson
992,2924493,34550,westlake
993,2924494,24982,johnson
994,2924495,34550,westlake
995,2924496,24982,johnson
996,2924497,24982,johnson
997,2924498,24982,johnson
998,2924499,24982,johnson
999,2924500,34552,badura
1000,2924501,24982,johnson
1001,2924502,24982,johnson
1002,2924503,24982,johnson
1003,2924504,24982,johnson
1004,2924505,24982,johnson
1005,2924506,24982,johnson
1006,2924507,24982,johnson
1007,2924508,24982,johnson
1008,2924509,34552,badura
1009,2924510,24982,johnson
1010,2924511,34549,bohn
1011,2924512,24982,johnson
1012,2924513,34550,westlake
1013,2924514,24982,johnson
1014,2924515,24982,johnson
1015,2924516,24982,johnson
1016,2924517,2367,baldwin
1017,2924518,34552,badura
1018,2924519,2367,baldwin
1019,2924520,34552,badura
1020,2924521,2367,baldwin
1021,2924522,34552,badura
1022,2924523,2367,baldwin
1023,2924524,34552,badura
1024,2924525,2367,baldwin
1025,2924526,2367,baldwin
1026,2924527,34550,westlake
1027,2924528,24982,johnson
1028,2924529,34550,westlake
1029,2924530,24982,johnson
1030,2924531,34550,westlake
1031,2924532,24982,johnson
1032,2924533,2367,baldwin
1033,2924534,34550,westlake
1034,2924535,34550,westlake
1035,2924536,2367,baldwin
1036,2924537,34550,westlake
1037,2924538,2367,baldwin
1038,2924539,34549,bohn
1039,2924540,2367,baldwin
1040,2924541,24982,johnson
1041,2924542,24982,johnson
1042,2924543,24982,johnson
1043,2924544,24982,johnson
1044,2924545,20402,kerlikowske
1045,2924546,24982,johnson
1046,2924547,20402,kerlikowske
1047,2924548,24982,johnson
1048,2924549,34553,schimel
1049,2924550,24982,johnson
1050,2924551,34554,erpenbach
1051,2924552,24982,johnson
1052,2924553,34555,nygren
1053,2924554,24982,johnson
1054,2924555,20402,kerlikowske
1055,2924556,24982,johnson
1056,2924557,20402,kerlikowske
1057,2924558,24982,johnson
1058,2924559,20402,kerlikowske
1059,2924560,24982,johnson
1060,2924561,20402,kerlikowske
1061,2924562,24982,johnson
1062,2924563,20402,kerlikowske
1063,2924564,24982,johnson
1064,2924565,2367,baldwin
1065,2924566,20402,kerlikowske
1066,2924567,2367,baldwin
1067,2924568,20402,kerlikowske
1068,2924569,2367,baldwin
1069,2924570,24982,johnson
1070,2924571,20402,kerlikowske
1071,2924572,24982,johnson
1072,2924573,34553,schimel
1073,2924574,24982,johnson
1074,2924575,34553,schimel
1075,2924576,24982,johnson
1076,2924577,34553,schimel
1077,2924578,24982,johnson
1078,2924579,34553,schimel
1079,2924580,24982,johnson
1080,2924581,34553,schimel
1081,2924582,24982,johnson
1082,2924583,34553,schimel
1083,2924584,24982,johnson
1084,2924585,34554,erpenbach
1085,2924586,2367,baldwin
1086,2924587,24982,johnson
1087,2924588,2367,baldwin
1088,2924589,34554,erpenbach
1089,2924590,24982,johnson
1090,2924591,34554,erpenbach
1091,2924592,24982,johnson
1092,2924593,34554,erpenbach
1093,2924594,24982,johnson
1094,2924595,34555,nygren
1095,2924596,24982,johnson
1096,2924597,34555,nygren
1097,2924598,24982,johnson
1098,2924599,34555,nygren
1099,2924600,24982,johnson
1100,2924601,34555,nygren
1101,2924602,24982,johnson
1102,2924603,2367,baldwin
1103,2924604,34553,schimel
1104,2924605,2367,baldwin
1105,2924606,34553,schimel
1106,2924607,2367,baldwin
1107,2924608,34553,schimel
1108,2924609,2367,baldwin
1109,2924610,2367,baldwin
1110,2924611,34554,erpenbach
1111,2924612,2367,baldwin
1112,2924613,34555,nygren
1113,2924614,2367,baldwin
1114,2924615,24982,johnson
1115,2924616,2367,baldwin
1116,2924617,24982,johnson
1117,2924618,34556,simon
1118,2924619,99,portman
1119,2924620,99,portman
1120,2924621,99,portman
1121,2924622,34557,dewine
1122,2924623,34558,rendon
1123,2924624,34559,plouck
1124,2924625,99,portman
1125,2924626,34557,dewine
1126,2924627,99,portman
1127,2924628,34558,rendon
1128,2924629,99,portman
1129,2924630,34559,plouck
1130,2924631,99,portman
1131,2924632,99,portman
1132,2924633,34559,plouck
1133,2924634,34559,plouck
1134,2924635,34559,plouck
1135,2924636,34559,plouck
1136,2924637,34557,dewine
1137,2924638,34558,rendon
1138,2924639,99,portman
1139,2924640,34557,dewine
1140,2924641,34558,rendon
1141,2924642,34557,dewine
1142,2924643,99,portman
1143,2924644,34558,rendon
1144,2924645,99,portman
1145,2924646,34560,walsh
1146,2924647,99,portman
1147,2924648,99,portman
1148,2924649,99,portman
1149,2924650,99,portman
1150,2924651,34560,walsh
1151,2924652,99,portman
1152,2924653,3473,young
1153,2924654,99,portman
1154,2924655,3473,young
1155,2924656,3473,young
1156,2924657,99,portman
1157,2924658,3473,young
1158,2924659,99,portman
1159,2924660,3473,young
1160,2924661,99,portman
1161,2924662,3473,young
1162,2924663,99,portman
1163,2924664,3473,young
1164,2924665,3473,young
1165,2924666,3473,young
1166,2924667,99,portman
1167,2924668,99,portman
1168,2924669,3473,young
1169,2924670,3473,young
1170,2924671,99,portman
1171,2924672,3473,young
1172,2924673,99,portman
1173,2924674,34563,brandt
1174,2924675,34560,walsh
1175,2924676,34561,kotz
1176,2924677,99,portman
1177,2924678,34561,kotz
1178,2924679,99,portman
1179,2924680,34561,kotz
1180,2924681,34562,metz
1181,2924682,99,portman
1182,2924683,34562,metz
1183,2924684,99,portman
1184,2924685,24982,johnson
1185,2924686,2367,baldwin
1186,2924687,24982,johnson
1187,2924688,31606,gibson
1188,2924689,34564,missal
1189,2924690,24982,johnson
1190,2924691,31606,gibson
1191,2924692,24982,johnson
1192,2924693,34564,missal
1193,2924694,24982,johnson
1194,2924695,31606,gibson
1195,2924696,24982,johnson
1196,2924697,31606,gibson
1197,2924698,24982,johnson
1198,2924699,31606,gibson
1199,2924700,24982,johnson
1200,2924701,31606,gibson
1201,2924702,24982,johnson
1202,2924703,31606,gibson
1203,2924704,24982,johnson
1204,2924705,31606,gibson
1205,2924706,24982,johnson
1206,2924707,24982,johnson
1207,2924708,24982,johnson
1208,2924709,24982,johnson
1209,2924710,24982,johnson
1210,2924711,24982,johnson
1211,2924712,24982,johnson
1212,2924713,24982,johnson
1213,2924714,2367,baldwin
1214,2924715,2367,baldwin
1215,2924716,2367,baldwin
1216,2924717,34564,missal
1217,2924718,2367,baldwin
1218,2924719,34564,missal
1219,2924720,24982,johnson
1220,2924721,24982,johnson
1221,2924722,34564,missal
1222,2924723,31606,gibson
1223,2924724,31606,gibson
1224,2924725,24982,johnson
1225,2924726,31606,gibson
1226,2924727,31606,gibson
1227,2924728,31606,gibson
1228,2924729,31606,gibson
1229,2924730,31606,gibson
1230,2924731,31606,gibson
1231,2924732,24982,johnson
1232,2924733,2367,baldwin
1233,2924734,24982,johnson
1234,2924735,31606,gibson
1235,2924736,24982,johnson
1236,2924737,31606,gibson
1237,2924738,24982,johnson
1238,2924739,31606,gibson
1239,2924740,24982,johnson
1240,2924741,24982,johnson
1241,2924742,24982,johnson
1242,2924743,24982,johnson
1243,2924744,2367,baldwin
1244,2924745,31606,gibson
1245,2924746,2367,baldwin
1246,2924747,24982,johnson
1247,2924748,34564,missal
1248,2924749,24982,johnson
1249,2924750,2367,baldwin
1250,2924751,31606,gibson
1251,2924752,2367,baldwin
1252,2924753,31606,gibson
1253,2924754,34564,missal
1254,2924755,2367,baldwin
1255,2924756,34564,missal
1256,2924757,31606,gibson
1257,2924758,24982,johnson
1258,2924759,31606,gibson
1259,2924760,24982,johnson
1260,2924761,31606,gibson
1261,2924762,31606,gibson
1262,2924763,31606,gibson
1263,2924764,31606,gibson
1264,2924765,31606,gibson
1265,2924766,31606,gibson
1266,2924767,31606,gibson
1267,2924768,31606,gibson
1268,2924769,31606,gibson
1269,2924770,31606,gibson
1270,2924771,31606,gibson
1271,2924772,31606,gibson
1272,2924773,24982,johnson
1273,2924774,31606,gibson
1274,2924775,31606,gibson
1275,2924776,31606,gibson
1276,2924777,31606,gibson
1277,2924778,31606,gibson
1278,2924779,24982,johnson
1279,2924780,24982,johnson
1280,2924781,24982,johnson
1281,2924782,24982,johnson
1282,2924783,24982,johnson
1283,2924784,34565,breuer
1284,2924785,24982,johnson
1285,2924786,34566,vebber
1286,2924787,24982,johnson
1287,2924788,34567,holte
1288,2924789,24982,johnson
1289,2924790,34568,schienebeck
1290,2924791,34569,ramme
1291,2924792,24982,johnson
1292,2924793,34570,meyer
1293,2924794,24982,johnson
1294,2924795,34570,meyer
1295,2924796,24982,johnson
1296,2924797,34570,meyer
1297,2924798,24982,johnson
1298,2924799,34570,meyer
1299,2924800,24982,johnson
1300,2924801,34570,meyer
1301,2924802,24982,johnson
1302,2924803,34570,meyer
1303,2924804,24982,johnson
1304,2924805,34565,breuer
1305,2924806,24982,johnson
1306,2924807,34565,breuer
1307,2924808,24982,johnson
1308,2924809,34565,breuer
1309,2924810,24982,johnson
1310,2924811,34565,breuer
1311,2924812,24982,johnson
1312,2924813,34566,vebber
1313,2924814,24982,johnson
1314,2924815,34566,vebber
1315,2924816,24982,johnson
1316,2924817,34566,vebber
1317,2924818,24982,johnson
1318,2924819,34570,meyer
1319,2924820,24982,johnson
1320,2924821,34570,meyer
1321,2924822,24982,johnson
1322,2924823,34570,meyer
1323,2924824,24982,johnson
1324,2924825,34570,meyer
1325,2924826,24982,johnson
1326,2924827,34570,meyer
1327,2924828,24982,johnson
1328,2924829,34567,holte
1329,2924830,24982,johnson
1330,2924831,34567,holte
1331,2924832,24982,johnson
1332,2924833,34567,holte
1333,2924834,24982,johnson
1334,2924835,34570,meyer
1335,2924836,34567,holte
1336,2924837,24982,johnson
1337,2924838,34567,holte
1338,2924839,24982,johnson
1339,2924840,34567,holte
1340,2924841,24982,johnson
1341,2924842,34567,holte
1342,2924843,24982,johnson
1343,2924844,34567,holte
1344,2924845,24982,johnson
1345,2924846,34568,schienebeck
1346,2924847,24982,johnson
1347,2924848,34568,schienebeck
1348,2924849,24982,johnson
1349,2924850,34570,meyer
1350,2924851,24982,johnson
1351,2924852,34568,schienebeck
1352,2924853,24982,johnson
1353,2924854,34570,meyer
1354,2924855,24982,johnson
1355,2924856,34570,meyer
1356,2924857,34568,schienebeck
1357,2924858,24982,johnson
1358,2924859,34568,schienebeck
1359,2924860,24982,johnson
1360,2924861,34568,schienebeck
1361,2924862,24982,johnson
1362,2924863,34568,schienebeck
1363,2924864,24982,johnson
1364,2924865,34568,schienebeck
1365,2924866,24982,johnson
1366,2924867,34568,schienebeck
1367,2924868,24982,johnson
1368,2924869,34568,schienebeck
1369,2924870,24982,johnson
1370,2924871,34568,schienebeck
1371,2924872,24982,johnson
1372,2924873,34568,schienebeck
1373,2924874,24982,johnson
1374,2924875,34568,schienebeck
1375,2924876,24982,johnson
1376,2924877,34568,schienebeck
1377,2924878,24982,johnson
1378,2924879,34568,schienebeck
1379,2924880,34570,meyer
1380,2924881,24982,johnson
1381,2924882,34570,meyer
1382,2924883,24982,johnson
1383,2924884,34570,meyer
1384,2924885,24982,johnson
1385,2924886,34570,meyer
1386,2924887,24982,johnson
1387,2924888,34570,meyer
1388,2924889,24982,johnson
1389,2924890,34570,meyer
1390,2924891,24982,johnson
1391,2924892,34570,meyer
1392,2924893,24982,johnson
1393,2924894,34570,meyer
1394,2924895,24982,johnson
1395,2924896,34569,ramme
1396,2924897,24982,johnson
1397,2924898,34569,ramme
1398,2924899,24982,johnson
1399,2924900,34565,breuer
1400,2924901,24982,johnson
1401,2924902,34569,ramme
1402,2924903,24982,johnson
1403,2924904,34569,ramme
1404,2924905,24982,johnson
1405,2924906,34569,ramme
1406,2924907,24982,johnson
1407,2924908,34565,breuer
1408,2924909,24982,johnson
1409,2924910,34565,breuer
1410,2924911,24982,johnson
1411,2924912,34565,breuer
1412,2924913,24982,johnson
1413,2924914,34565,breuer
1414,2924915,24982,johnson
1415,2924916,34565,breuer
1416,2924917,24982,johnson
1417,2924918,34569,ramme
1418,2924919,24982,johnson
1419,2924920,34569,ramme
1420,2924921,24982,johnson
1421,2924922,34569,ramme
1422,2924923,24982,johnson
1423,2924924,34569,ramme
1424,2924925,24982,johnson
1425,2924926,34569,ramme
1426,2924927,24982,johnson
1427,2924928,34570,meyer
1428,2924929,24982,johnson
1429,2924930,34565,breuer
1430,2924931,24982,johnson
1431,2924932,34566,vebber
1432,2924933,24982,johnson
1433,2924934,34567,holte
1434,2924935,24982,johnson
1435,2924936,34568,schienebeck
1436,2924937,24982,johnson
1437,2924938,34568,schienebeck
1438,2924939,24982,johnson
1439,2924940,34569,ramme
1440,2924941,24982,johnson
1441,2924942,34570,meyer
1442,2924943,24982,johnson
1443,2924944,25821,lankford
1444,2924945,31457,thompson
1445,2924946,23582,goldenkoff
1446,2924947,33141,cha
1447,2924948,25821,lankford
1448,2924949,31457,thompson
1449,2924950,25821,lankford
1450,2924951,23582,goldenkoff
1451,2924952,25821,lankford
1452,2924953,33141,cha
1453,2924954,25821,lankford
1454,2924955,2976,carper
1455,2924956,25821,lankford
1456,2924957,2976,carper
1457,2924958,25821,lankford
1458,2924959,31457,thompson
1459,2924960,25821,lankford
1460,2924961,31457,thompson
1461,2924962,25821,lankford
1462,2924963,31457,thompson
1463,2924964,25821,lankford
1464,2924965,23582,goldenkoff
1465,2924966,25821,lankford
1466,2924967,23582,goldenkoff
1467,2924968,25821,lankford
1468,2924969,23582,goldenkoff
1469,2924970,25821,lankford
1470,2924971,33141,cha
1471,2924972,25821,lankford
1472,2924973,23582,goldenkoff
1473,2924974,25821,lankford
1474,2924975,23582,goldenkoff
1475,2924976,25821,lankford
1476,2924977,31457,thompson
1477,2924978,25821,lankford
1478,2924979,31457,thompson
1479,2924980,25821,lankford
1480,2924981,2976,carper
1481,2924982,25821,lankford
1482,2924983,2976,carper
1483,2924984,25821,lankford
1484,2924985,27063,ayotte
1485,2924986,31457,thompson
1486,2924987,27063,ayotte
1487,2924988,31457,thompson
1488,2924989,27063,ayotte
1489,2924990,31457,thompson
1490,2924991,27063,ayotte
1491,2924992,31457,thompson
1492,2924993,27063,ayotte
1493,2924994,31457,thompson
1494,2924995,27063,ayotte
1495,2924996,31457,thompson
1496,2924997,27063,ayotte
1497,2924998,31457,thompson
1498,2924999,27063,ayotte
1499,2925000,33141,cha
1500,2925001,27063,ayotte
1501,2925002,33141,cha
1502,2925003,27063,ayotte
1503,2925004,33141,cha
1504,2925005,27063,ayotte
1505,2925006,31457,thompson
1506,2925007,27063,ayotte
1507,2925008,25821,lankford
1508,2925009,20893,peters
1509,2925010,31457,thompson
1510,2925011,20893,peters
1511,2925012,31457,thompson
1512,2925013,20893,peters
1513,2925014,31457,thompson
1514,2925015,20893,peters
1515,2925016,31457,thompson
1516,2925017,20893,peters
1517,2925018,31457,thompson
1518,2925019,20893,peters
1519,2925020,31457,thompson
1520,2925021,20893,peters
1521,2925022,31457,thompson
1522,2925023,20893,peters
1523,2925024,31457,thompson
1524,2925025,20893,peters
1525,2925026,31457,thompson
1526,2925027,20893,peters
1527,2925028,31457,thompson
1528,2925029,20893,peters
1529,2925030,31457,thompson
1530,2925031,20893,peters
1531,2925032,25821,lankford
1532,2925033,31457,thompson
1533,2925034,25821,lankford
1534,2925035,31457,thompson
1535,2925036,25821,lankford
1536,2925037,2976,carper
1537,2925038,31457,thompson
1538,2925039,2976,carper
1539,2925040,31457,thompson
1540,2925041,2976,carper
1541,2925042,31457,thompson
1542,2925043,2976,carper
1543,2925044,31457,thompson
1544,2925045,2976,carper
1545,2925046,31457,thompson
1546,2925047,2976,carper
1547,2925048,31457,thompson
1548,2925049,2976,carper
1549,2925050,31457,thompson
1550,2925051,2976,carper
1551,2925052,31457,thompson
1552,2925053,2976,carper
1553,2925054,25821,lankford
1554,2925055,31457,thompson
1555,2925056,25821,lankford
1556,2925057,31457,thompson
1557,2925058,25821,lankford
1558,2925059,33141,cha
1559,2925060,25821,lankford
1560,2925061,33141,cha
1561,2925062,25821,lankford
1562,2925063,33141,cha
1563,2925064,25821,lankford
1564,2925065,31457,thompson
1565,2925066,25821,lankford
1566,2925067,31457,thompson
1567,2925068,25821,lankford
1568,2925069,31457,thompson
1569,2925070,25821,lankford
1570,2925071,31457,thompson
1571,2925072,25821,lankford
1572,2925073,31457,thompson
1573,2925074,25821,lankford
1574,2925075,31457,thompson
1575,2925076,25821,lankford
1576,2925077,31457,thompson
1577,2925078,25821,lankford
1578,2925079,2976,carper
1579,2925080,31457,thompson
1580,2925081,2976,carper
1581,2925082,31457,thompson
1582,2925083,2976,carper
1583,2925084,31457,thompson
1584,2925085,2976,carper
1585,2925086,33141,cha
1586,2925087,2976,carper
1587,2925088,33141,cha
1588,2925089,2976,carper
1589,2925090,31457,thompson
1590,2925091,2976,carper
1591,2925092,33141,cha
1592,2925093,2976,carper
1593,2925094,31457,thompson
1594,2925095,2976,carper
1595,2925096,31457,thompson
1596,2925097,2976,carper
1597,2925098,25821,lankford
1598,2925099,2976,carper
1599,2925100,23582,goldenkoff
1600,2925101,2976,carper
1601,2925102,33141,cha
1602,2925103,2976,carper
1603,2925104,33141,cha
1604,2925105,2976,carper
1605,2925106,33141,cha
1606,2925107,2976,carper
1607,2925108,23582,goldenkoff
1608,2925109,2976,carper
1609,2925110,31457,thompson
1610,2925111,2976,carper
1611,2925112,31457,thompson
1612,2925113,2976,carper
1613,2925114,25821,lankford
1614,2925115,2976,carper
1615,2925116,31457,thompson
1616,2925117,2976,carper
1617,2925118,31457,thompson
1618,2925119,2976,carper
1619,2925120,25821,lankford
1620,2925121,31457,thompson
1621,2925122,25821,lankford
1622,2925123,31457,thompson
1623,2925124,25821,lankford
1624,2925125,31457,thompson
1625,2925126,25821,lankford
1626,2925127,31457,thompson
1627,2925128,25821,lankford
1628,2925129,23582,goldenkoff
1629,2925130,25821,lankford
1630,2925131,23582,goldenkoff
1631,2925132,23582,goldenkoff
1632,2925133,25821,lankford
1633,2925134,2976,carper
1634,2925135,31457,thompson
1635,2925136,2976,carper
1636,2925137,31457,thompson
1637,2925138,2976,carper
1638,2925139,25821,lankford
1639,2925140,2976,carper
1640,2925141,25821,lankford
1641,2925142,2976,carper
1642,2925143,25821,lankford
1643,2925144,2976,carper
1644,2925145,25821,lankford
1645,2925146,2976,carper
1646,2925147,25821,lankford
1647,2925148,2976,carper
1648,2925149,25821,lankford
1649,2925150,24982,johnson
1650,2925151,34571,shorter
1651,2925152,24982,johnson
1652,2925153,34572,lopez
1653,2925154,24982,johnson
1654,2925155,34574,witte
1655,2925156,24982,johnson
1656,2925157,34575,komer
1657,2925158,24982,johnson
1658,2925159,34576,tyson
1659,2925160,24982,johnson
1660,2925161,34571,shorter
1661,2925162,24982,johnson
1662,2925163,34571,shorter
1663,2925164,24982,johnson
1664,2925165,34571,shorter
1665,2925166,34571,shorter
1666,2925167,24982,johnson
1667,2925168,34571,shorter
1668,2925169,24982,johnson
1669,2925170,34571,shorter
1670,2925171,24982,johnson
1671,2925172,34571,shorter
1672,2925173,24982,johnson
1673,2925174,34571,shorter
1674,2925175,24982,johnson
1675,2925176,34572,lopez
1676,2925177,24982,johnson
1677,2925178,34572,lopez
1678,2925179,24982,johnson
1679,2925180,34572,lopez
1680,2925181,24982,johnson
1681,2925182,34572,lopez
1682,2925183,24982,johnson
1683,2925184,24982,johnson
1684,2925185,24982,johnson
1685,2925186,34574,witte
1686,2925187,24982,johnson
1687,2925188,34574,witte
1688,2925189,24982,johnson
1689,2925190,34574,witte
1690,2925191,24982,johnson
1691,2925192,34574,witte
1692,2925193,24982,johnson
1693,2925194,34574,witte
1694,2925195,24982,johnson
1695,2925196,34574,witte
1696,2925197,24982,johnson
1697,2925198,34574,witte
1698,2925199,24982,johnson
1699,2925200,34574,witte
1700,2925201,24982,johnson
1701,2925202,34575,komer
1702,2925203,24982,johnson
1703,2925204,24982,johnson
1704,2925205,34575,komer
1705,2925206,24982,johnson
1706,2925207,34574,witte
1707,2925208,24982,johnson
1708,2925209,34574,witte
1709,2925210,24982,johnson
1710,2925211,34576,tyson
1711,2925212,24982,johnson
1712,2925213,34576,tyson
1713,2925214,24982,johnson
1714,2925215,34574,witte
1715,2925216,34574,witte
1716,2925217,24982,johnson
1717,2925218,24982,johnson
1718,2925219,24982,johnson
1719,2925220,24982,johnson
1720,2925221,34576,tyson
1721,2925222,24982,johnson
1722,2925223,34576,tyson
1723,2925224,24982,johnson
1724,2925225,34574,witte
1725,2925226,24982,johnson
1726,2925227,34576,tyson
1727,2925228,24982,johnson
1728,2925229,34576,tyson
1729,2925230,24982,johnson
1730,2925231,34576,tyson
1731,2925232,24982,johnson
1732,2925233,34576,tyson
1733,2925234,24982,johnson
1734,2925235,24982,johnson
1735,2925236,24982,johnson
1736,2925237,24982,johnson
1737,2925238,24982,johnson
1738,2925239,24982,johnson
1739,2925240,24982,johnson
1740,2925241,34574,witte
1741,2925242,24982,johnson
1742,2925243,24982,johnson
1743,2925244,24982,johnson
1744,2925245,24982,johnson
1745,2925246,24982,johnson
1746,2925247,24982,johnson
1747,2925248,24982,johnson
1748,2925249,24982,johnson
1749,2925250,24982,johnson
1750,2925251,24982,johnson
1751,2925252,2976,carper
1752,2925253,24982,johnson
1753,2925254,34577,rivers
1754,2925255,9936,o'carroll
1755,2925256,33079,mader
1756,2925257,31299,davis
1757,2925258,24982,johnson
1758,2925259,34577,rivers
1759,2925260,24982,johnson
1760,2925261,34577,rivers
1761,2925262,24982,johnson
1762,2925263,34577,rivers
1763,2925264,24982,johnson
1764,2925265,34577,rivers
1765,2925266,24982,johnson
1766,2925267,34577,rivers
1767,2925268,24982,johnson
1768,2925269,34577,rivers
1769,2925270,24982,johnson
1770,2925271,2976,carper
1771,2925272,34577,rivers
1772,2925273,2976,carper
1773,2925274,34577,rivers
1774,2925275,2976,carper
1775,2925276,34577,rivers
1776,2925277,2976,carper
1777,2925278,34577,rivers
1778,2925279,2976,carper
1779,2925280,24982,johnson
1780,2925281,25821,lankford
1781,2925282,34577,rivers
1782,2925283,25821,lankford
1783,2925284,24982,johnson
1784,2925285,20893,peters
1785,2925286,34577,rivers
1786,2925287,20893,peters
1787,2925288,34577,rivers
1788,2925289,20893,peters
1789,2925290,34577,rivers
1790,2925291,20893,peters
1791,2925292,34577,rivers
1792,2925293,20893,peters
1793,2925294,34577,rivers
1794,2925295,20893,peters
1795,2925296,24982,johnson
1796,2925297,34577,rivers
1797,2925298,24982,johnson
1798,2925299,24982,johnson
1799,2925300,9936,o'carroll
1800,2925301,24982,johnson
1801,2925302,33079,mader
1802,2925303,24982,johnson
1803,2925304,31299,davis
1804,2925305,2976,carper
1805,2925306,31299,davis
1806,2925307,24982,johnson
1807,2925308,24982,johnson
1808,2925309,24982,johnson
1809,2925310,24982,johnson
1810,2925311,24982,johnson
1811,2925312,24982,johnson
1812,2925313,24982,johnson
1813,2925314,9936,o'carroll
1814,2925315,24982,johnson
1815,2925316,24982,johnson
1816,2925317,9936,o'carroll
1817,2925318,24982,johnson
1818,2925319,9936,o'carroll
1819,2925320,24982,johnson
1820,2925321,9936,o'carroll
1821,2925322,24982,johnson
1822,2925323,9936,o'carroll
1823,2925324,24982,johnson
1824,2925325,9936,o'carroll
1825,2925326,24982,johnson
1826,2925327,24982,johnson
1827,2925328,2976,carper
1828,2925329,2976,carper
1829,2925330,33079,mader
1830,2925331,2976,carper
1831,2925332,33079,mader
1832,2925333,2976,carper
1833,2925334,33079,mader
1834,2925335,2976,carper
1835,2925336,33079,mader
1836,2925337,2976,carper
1837,2925338,2976,carper
1838,2925339,24982,johnson
1839,2925340,25821,lankford
1840,2925341,33079,mader
1841,2925342,25821,lankford
1842,2925343,33079,mader
1843,2925344,25821,lankford
1844,2925345,25821,lankford
1845,2925346,25821,lankford
1846,2925347,25821,lankford
1847,2925348,25821,lankford
1848,2925349,25821,lankford
1849,2925350,25821,lankford
1850,2925351,25821,lankford
1851,2925352,25821,lankford
1852,2925353,25821,lankford
1853,2925354,25821,lankford
1854,2925355,25821,lankford
1855,2925356,25821,lankford
1856,2925357,25821,lankford
1857,2925358,9936,o'carroll
1858,2925359,25821,lankford
1859,2925360,9936,o'carroll
1860,2925361,25821,lankford
1861,2925362,9936,o'carroll
1862,2925363,25821,lankford
1863,2925364,9936,o'carroll
1864,2925365,25821,lankford
1865,2925366,24982,johnson
1866,2925367,20893,peters
1867,2925368,20893,peters
1868,2925369,20893,peters
1869,2925370,20893,peters
1870,2925371,20893,peters
1871,2925372,20893,peters
1872,2925373,20893,peters
1873,2925374,20893,peters
1874,2925375,9936,o'carroll
1875,2925376,20893,peters
1876,2925377,9936,o'carroll
1877,2925378,9936,o'carroll
1878,2925379,20893,peters
1879,2925380,9936,o'carroll
1880,2925381,20893,peters
1881,2925382,9936,o'carroll
1882,2925383,20893,peters
1883,2925384,24982,johnson
1884,2925385,18403,mccaskill
1885,2925386,18403,mccaskill
1886,2925387,18403,mccaskill
1887,2925388,18403,mccaskill
1888,2925389,18403,mccaskill
1889,2925390,18403,mccaskill
1890,2925391,18403,mccaskill
1891,2925392,18403,mccaskill
1892,2925393,18403,mccaskill
1893,2925394,18403,mccaskill
1894,2925395,18403,mccaskill
1895,2925396,18403,mccaskill
1896,2925397,18403,mccaskill
1897,2925398,18403,mccaskill
1898,2925399,18403,mccaskill
1899,2925400,18403,mccaskill
1900,2925401,18403,mccaskill
1901,2925402,24982,johnson
1902,2925403,27063,ayotte
1903,2925404,27063,ayotte
1904,2925405,27063,ayotte
1905,2925406,27063,ayotte
1906,2925407,9936,o'carroll
1907,2925408,27063,ayotte
1908,2925409,27063,ayotte
1909,2925410,9936,o'carroll
1910,2925411,27063,ayotte
1911,2925412,9936,o'carroll
1912,2925413,27063,ayotte
1913,2925414,24982,johnson
1914,2925415,34058,ernst
1915,2925416,24982,johnson
1916,2925417,34058,ernst
1917,2925418,9936,o'carroll
1918,2925419,34058,ernst
1919,2925420,9936,o'carroll
1920,2925421,34058,ernst
1921,2925422,34058,ernst
1922,2925423,34058,ernst
1923,2925424,34058,ernst
1924,2925425,34058,ernst
1925,2925426,2976,carper
1926,2925427,33079,mader
1927,2925428,2976,carper
1928,2925429,2976,carper
1929,2925430,9936,o'carroll
1930,2925431,2976,carper
1931,2925432,9936,o'carroll
1932,2925433,2976,carper
1933,2925434,2976,carper
1934,2925435,2976,carper
1935,2925436,31299,davis
1936,2925437,2976,carper
1937,2925438,9936,o'carroll
1938,2925439,24982,johnson
1939,2925440,24982,johnson
1940,2925441,24982,johnson
1941,2925442,24982,johnson
1942,2925443,24982,johnson
1943,2925444,24982,johnson
1944,2925445,24982,johnson
1945,2925446,24982,johnson
1946,2925447,31299,davis
1947,2925448,24982,johnson
1948,2925449,31299,davis
1949,2925450,24982,johnson
1950,2925451,24982,johnson
1951,2925452,24982,johnson
1952,2925453,9936,o'carroll
1953,2925454,24982,johnson
1954,2925455,33079,mader
1955,2925456,24982,johnson
1956,2925457,31299,davis
1957,2925458,24982,johnson
1958,2925459,9494,johnson
1959,2925460,9494,johnson
1960,2925461,9494,johnson
1961,2925462,21398,fisher
1962,2925463,29190,wagner
1963,2925464,34594,spero
1964,2925465,34595,rodriguez
1965,2925466,34596,hartunian
1966,2925467,9494,johnson
1967,2925468,21398,fisher
1968,2925469,9494,johnson
1969,2925470,34594,spero
1970,2925471,9494,johnson
1971,2925472,29190,wagner
1972,2925473,9494,johnson
1973,2925474,29190,wagner
1974,2925475,9494,johnson
1975,2925476,29190,wagner
1976,2925477,9494,johnson
1977,2925478,34595,rodriguez
1978,2925479,9494,johnson
1979,2925480,34596,hartunian
1980,2925481,9494,johnson
1981,2925482,21398,fisher
1982,2925483,9494,johnson
1983,2925484,21398,fisher
1984,2925485,9494,johnson
1985,2925486,21398,fisher
1986,2925487,9494,johnson
1987,2925488,21398,fisher
1988,2925489,9494,johnson
1989,2925490,34594,spero
1990,2925491,9494,johnson
1991,2925492,21398,fisher
1992,2925493,9494,johnson
1993,2925494,21398,fisher
1994,2925495,9494,johnson
1995,2925496,21398,fisher
1996,2925497,21398,fisher
1997,2925498,21398,fisher
1998,2925499,21398,fisher
1999,2925500,21398,fisher
2000,2925501,34596,hartunian
2001,2925502,34596,hartunian
2002,2925503,9494,johnson
2003,2925504,9494,johnson
2004,2925505,9494,johnson
2005,2925506,34596,hartunian
2006,2925507,34596,hartunian
2007,2925508,21398,fisher
2008,2925509,29190,wagner
2009,2925510,29190,wagner
2010,2925511,29190,wagner
2011,2925512,34594,spero
2012,2925513,9494,johnson
2013,2925514,21398,fisher
2014,2925515,21398,fisher
2015,2925516,29190,wagner
2016,2925517,29190,wagner
2017,2925518,29190,wagner
2018,2925519,21398,fisher
2019,2925520,9494,johnson
2020,2925521,29190,wagner
2021,2925522,29190,wagner
2022,2925523,9494,johnson
2023,2925524,21398,fisher
2024,2925525,21398,fisher
2025,2925526,21398,fisher
2026,2925527,21398,fisher
2027,2925528,21398,fisher
2028,2925529,21398,fisher
2029,2925530,21398,fisher
2030,2925531,29190,wagner
2031,2925532,29190,wagner
2032,2925533,29190,wagner
2033,2925534,29190,wagner
2034,2925535,29190,wagner
2035,2925536,29190,wagner
2036,2925537,21398,fisher
2037,2925538,21398,fisher
2038,2925539,21398,fisher
2039,2925540,21398,fisher
2040,2925541,21398,fisher
2041,2925542,21398,fisher
2042,2925543,21398,fisher
2043,2925544,21398,fisher
2044,2925545,21398,fisher
2045,2925546,21398,fisher
2046,2925547,21398,fisher
2047,2925548,9494,johnson
2048,2925549,21398,fisher
2049,2925550,29190,wagner
2050,2925551,34594,spero
2051,2925552,34594,spero
2052,2925553,34595,rodriguez
2053,2925554,34595,rodriguez
2054,2925555,34596,hartunian
2055,2925556,29190,wagner
2056,2925557,29190,wagner
2057,2925558,29190,wagner
2058,2925559,29190,wagner
2059,2925560,29190,wagner
2060,2925561,29190,wagner
2061,2925562,29190,wagner
2062,2925563,29190,wagner
2063,2925564,29190,wagner
2064,2925565,29190,wagner
2065,2925566,21398,fisher
2066,2925567,9494,johnson
2067,2925568,21398,fisher
2068,2925569,21398,fisher
2069,2925570,9494,johnson
2070,2925571,34594,spero
2071,2925572,9494,johnson
2072,2925573,21398,fisher
2073,2925574,9494,johnson
2074,2925575,21398,fisher
2075,2925576,9494,johnson
2076,2925577,21398,fisher
2077,2925578,9494,johnson
2078,2925579,21398,fisher
2079,2925580,9494,johnson
2080,2925581,29190,wagner
2081,2925582,9494,johnson
2082,2925583,34594,spero
2083,2925584,9494,johnson
2084,2925585,34595,rodriguez
2085,2925586,9494,johnson
2086,2925587,34596,hartunian
2087,2925588,9494,johnson
2088,2925589,34596,hartunian
2089,2925590,9494,johnson
2090,2925591,34594,spero
2091,2925592,34594,spero
2092,2925593,34594,spero
2093,2925594,21398,fisher
2094,2925595,34596,hartunian
2095,2925596,34596,hartunian
2096,2925597,34595,rodriguez
2097,2925598,34595,rodriguez
2098,2925599,34595,rodriguez
2099,2925600,34594,spero
2100,2925601,29190,wagner
2101,2925602,21398,fisher
2102,2925603,34594,spero
2103,2925604,34594,spero
2104,2925605,34594,spero
2105,2925606,29190,wagner
2106,2925607,29190,wagner
2107,2925608,29190,wagner
2108,2925609,29190,wagner
2109,2925610,29190,wagner
2110,2925611,29190,wagner
2111,2925612,9494,johnson
2112,2925613,9494,johnson
2113,2925614,9494,johnson
2114,2925615,21405,borkowski
2115,2925616,29614,vitiello
2116,2925617,34598,duong
2117,2925618,24425,gambler
2118,2925619,34599,garcia
2119,2925620,9494,johnson
2120,2925621,9494,johnson
2121,2925622,21405,borkowski
2122,2925623,9494,johnson
2123,2925624,29614,vitiello
2124,2925625,9494,johnson
2125,2925626,34598,duong
2126,2925627,9494,johnson
2127,2925628,24425,gambler
2128,2925629,9494,johnson
2129,2925630,34599,garcia
2130,2925631,9494,johnson
2131,2925632,24425,gambler
2132,2925633,24425,gambler
2133,2925634,24425,gambler
2134,2925635,9494,johnson
2135,2925636,9494,johnson
2136,2925637,29614,vitiello
2137,2925638,9494,johnson
2138,2925639,29614,vitiello
2139,2925640,9494,johnson
2140,2925641,29614,vitiello
2141,2925642,9494,johnson
2142,2925643,29614,vitiello
2143,2925644,9494,johnson
2144,2925645,24425,gambler
2145,2925646,9494,johnson
2146,2925647,29614,vitiello
2147,2925648,29614,vitiello
2148,2925649,29614,vitiello
2149,2925650,29614,vitiello
2150,2925651,29614,vitiello
2151,2925652,29614,vitiello
2152,2925653,29614,vitiello
2153,2925654,29614,vitiello
2154,2925655,29614,vitiello
2155,2925656,29614,vitiello
2156,2925657,29614,vitiello
2157,2925658,29614,vitiello
2158,2925659,29614,vitiello
2159,2925660,29614,vitiello
2160,2925661,9494,johnson
2161,2925662,34599,garcia
2162,2925663,21405,borkowski
2163,2925664,29614,vitiello
2164,2925665,29614,vitiello
2165,2925666,9494,johnson
2166,2925667,9494,johnson
2167,2925668,29614,vitiello
2168,2925669,9494,johnson
2169,2925670,29614,vitiello
2170,2925671,9494,johnson
2171,2925672,29614,vitiello
2172,2925673,9494,johnson
2173,2925674,34599,garcia
2174,2925675,9494,johnson
2175,2925676,34599,garcia
2176,2925677,9494,johnson
2177,2925678,34599,garcia
2178,2925679,9494,johnson
2179,2925680,29614,vitiello
2180,2925681,9494,johnson
2181,2925682,29614,vitiello
2182,2925683,29614,vitiello
2183,2925684,34598,duong
2184,2925685,34598,duong
2185,2925686,34598,duong
2186,2925687,34598,duong
2187,2925688,34598,duong
2188,2925689,34598,duong
2189,2925690,34598,duong
2190,2925691,24425,gambler
2191,2925692,24425,gambler
2192,2925693,34599,garcia
2193,2925694,9494,johnson
2194,2925695,29614,vitiello
2195,2925696,21405,borkowski
2196,2925697,21405,borkowski
2197,2925698,21405,borkowski
2198,2925699,29614,vitiello
2199,2925700,29614,vitiello
2200,2925701,21405,borkowski
2201,2925702,21405,borkowski
2202,2925703,21405,borkowski
2203,2925704,29614,vitiello
2204,2925705,29614,vitiello
2205,2925706,29614,vitiello
2206,2925707,9494,johnson
2207,2925708,29614,vitiello
2208,2925709,9494,johnson
2209,2925710,29614,vitiello
2210,2925711,9494,johnson
2211,2925712,29614,vitiello
2212,2925713,9494,johnson
2213,2925714,9494,johnson
2214,2925715,9494,johnson
2215,2925716,29614,vitiello
2216,2925717,9494,johnson
2217,2925718,21405,borkowski
2218,2925719,29614,vitiello
2219,2925720,29614,vitiello
2220,2925721,29614,vitiello
2221,2925722,24425,gambler
2222,2925723,34598,duong
2223,2925724,9494,johnson
2224,2925725,9494,johnson
2225,2925726,29614,vitiello
2226,2925727,9494,johnson
2227,2925728,29614,vitiello
2228,2925729,9494,johnson
2229,2925730,29614,vitiello
2230,2925731,9494,johnson
2231,2925732,29614,vitiello
2232,2925733,9494,johnson
2233,2925734,29614,vitiello
2234,2925735,9494,johnson
2235,2925736,29614,vitiello
2236,2925737,9494,johnson
2237,2925738,29614,vitiello
2238,2925739,9494,johnson
2239,2925740,29614,vitiello
2240,2925741,9494,johnson
2241,2925742,29614,vitiello
2242,2925743,9494,johnson
2243,2925744,29614,vitiello
2244,2925745,9494,johnson
2245,2925746,29614,vitiello
2246,2925747,9494,johnson
2247,2925748,29614,vitiello
2248,2925749,9494,johnson
2249,2925750,29614,vitiello
2250,2925751,9494,johnson
2251,2925752,29614,vitiello
2252,2925753,21405,borkowski
2253,2925754,21405,borkowski
2254,2925755,29614,vitiello
2255,2925756,34599,garcia
2256,2925757,24425,gambler
2257,2925758,24425,gambler
2258,2925759,34598,duong
2259,2925760,29614,vitiello
2260,2925761,21405,borkowski
2261,2925762,9494,johnson
2262,2925763,9494,johnson
2263,2925764,9494,johnson
2264,2925765,31430,osuna
2265,2925766,6210,greenberg
2266,2925767,34600,miller
2267,2925768,34601,langlois
2268,2925769,9494,johnson
2269,2925770,31430,osuna
2270,2925771,9494,johnson
2271,2925772,31430,osuna
2272,2925773,9494,johnson
2273,2925774,6210,greenberg
2274,2925775,9494,johnson
2275,2925776,9494,johnson
2276,2925777,34600,miller
2277,2925778,9494,johnson
2278,2925779,34601,langlois
2279,2925780,9494,johnson
2280,2925781,6210,greenberg
2281,2925782,9494,johnson
2282,2925783,34600,miller
2283,2925784,9494,johnson
2284,2925785,34600,miller
2285,2925786,9494,johnson
2286,2925787,34600,miller
2287,2925788,9494,johnson
2288,2925789,34600,miller
2289,2925790,9494,johnson
2290,2925791,34600,miller
2291,2925792,9494,johnson
2292,2925793,34600,miller
2293,2925794,9494,johnson
2294,2925795,34600,miller
2295,2925796,9494,johnson
2296,2925797,34600,miller
2297,2925798,9494,johnson
2298,2925799,34600,miller
2299,2925800,9494,johnson
2300,2925801,34600,miller
2301,2925802,34600,miller
2302,2925803,34600,miller
2303,2925804,34600,miller
2304,2925805,31430,osuna
2305,2925806,34600,miller
2306,2925807,34601,langlois
2307,2925808,34601,langlois
2308,2925809,34601,langlois
2309,2925810,34600,miller
2310,2925811,6210,greenberg
2311,2925812,31430,osuna
2312,2925813,31430,osuna
2313,2925814,31430,osuna
2314,2925815,31430,osuna
2315,2925816,9494,johnson
2316,2925817,9494,johnson
2317,2925818,34601,langlois
2318,2925819,34601,langlois
2319,2925820,34601,langlois
2320,2925821,31430,osuna
2321,2925822,31430,osuna
2322,2925823,31430,osuna
2323,2925824,9494,johnson
2324,2925825,34600,miller
2325,2925826,34600,miller
2326,2925827,34601,langlois
2327,2925828,34601,langlois
2328,2925829,9494,johnson
2329,2925830,34600,miller
2330,2925831,34600,miller
2331,2925832,34600,miller
2332,2925833,34600,miller
2333,2925834,9494,johnson
2334,2925835,34600,miller
2335,2925836,9494,johnson
2336,2925837,34600,miller
2337,2925838,9494,johnson
2338,2925839,6210,greenberg
2339,2925840,9494,johnson
2340,2925841,6210,greenberg
2341,2925842,9494,johnson
2342,2925843,6210,greenberg
2343,2925844,9494,johnson
2344,2925845,6210,greenberg
2345,2925846,9494,johnson
2346,2925847,6210,greenberg
2347,2925848,9494,johnson
2348,2925849,6210,greenberg
2349,2925850,9494,johnson
2350,2925851,6210,greenberg
2351,2925852,9494,johnson
2352,2925853,6210,greenberg
2353,2925854,9494,johnson
2354,2925855,6210,greenberg
2355,2925856,9494,johnson
2356,2925857,6210,greenberg
2357,2925858,9494,johnson
2358,2925859,6210,greenberg
2359,2925860,9494,johnson
2360,2925861,6210,greenberg
2361,2925862,9494,johnson
2362,2925863,6210,greenberg
2363,2925864,9494,johnson
2364,2925865,9494,johnson
2365,2925866,6210,greenberg
2366,2925867,9494,johnson
2367,2925868,6210,greenberg
2368,2925869,9494,johnson
2369,2925870,6210,greenberg
2370,2925871,9494,johnson
2371,2925872,6210,greenberg
2372,2925873,9494,johnson
2373,2925874,31430,osuna
2374,2925875,9494,johnson
2375,2925876,31430,osuna
2376,2925877,9494,johnson
2377,2925878,31430,osuna
2378,2925879,9494,johnson
2379,2925880,31430,osuna
2380,2925881,9494,johnson
2381,2925882,31430,osuna
2382,2925883,9494,johnson
2383,2925884,31430,osuna
2384,2925885,9494,johnson
2385,2925886,31430,osuna
2386,2925887,9494,johnson
2387,2925888,31430,osuna
2388,2925889,9494,johnson
2389,2925890,31430,osuna
2390,2925891,6210,greenberg
2391,2925892,34600,miller
2392,2925893,34600,miller
2393,2925894,34601,langlois
2394,2925895,34601,langlois
2395,2925896,34601,langlois
2396,2925897,34601,langlois
2397,2925898,34601,langlois
2398,2925899,34601,langlois
2399,2925900,9494,johnson
2400,2925901,31430,osuna
2401,2925902,9494,johnson
2402,2925903,34601,langlois
2403,2925904,34601,langlois
2404,2925905,9494,johnson
2405,2925906,31430,osuna
2406,2925907,9494,johnson
2407,2925908,9494,johnson
2408,2925909,6210,greenberg
2409,2925910,9494,johnson
2410,2925911,34600,miller
2411,2925912,9494,johnson
2412,2925913,34601,langlois
2413,2925914,9494,johnson
2414,2925915,9494,johnson
2415,2925916,9494,johnson
2416,2925917,34602,brown
2417,2925918,25470,edge
2418,2925919,9494,johnson
2419,2925920,34602,brown
2420,2925921,9494,johnson
2421,2925922,9494,johnson
2422,2925923,25470,edge
2423,2925924,9494,johnson
2424,2925925,25470,edge
2425,2925926,9494,johnson
2426,2925927,25470,edge
2427,2925928,9494,johnson
2428,2925929,25470,edge
2429,2925930,9494,johnson
2430,2925931,9494,johnson
2431,2925932,9494,johnson
2432,2925933,9494,johnson
2433,2925934,25470,edge
2434,2925935,9494,johnson
2435,2925936,25470,edge
2436,2925937,9494,johnson
2437,2925938,25470,edge
2438,2925939,9494,johnson
2439,2925940,25470,edge
2440,2925941,9494,johnson
2441,2925942,9494,johnson
2442,2925943,9494,johnson
2443,2925944,34602,brown
2444,2925945,9494,johnson
2445,2925946,34602,brown
2446,2925947,25470,edge
2447,2925948,25470,edge
2448,2925949,25470,edge
2449,2925950,25470,edge
2450,2925951,9494,johnson
2451,2925952,25470,edge
2452,2925953,25470,edge
2453,2925954,25470,edge
2454,2925955,25470,edge
2455,2925956,9494,johnson
2456,2925957,34602,brown
2457,2925958,34602,brown
2458,2925959,34602,brown
2459,2925960,34602,brown
2460,2925961,25470,edge
2461,2925962,34602,brown
2462,2925963,25470,edge
2463,2925964,9494,johnson
2464,2925965,34602,brown
2465,2925966,25470,edge
2466,2925967,34602,brown
2467,2925968,34602,brown
2468,2925969,25470,edge
2469,2925970,9494,johnson
2470,2925971,34602,brown
2471,2925972,34602,brown
2472,2925973,25470,edge
2473,2925974,9494,johnson
2474,2925975,34602,brown
2475,2925976,34602,brown
2476,2925977,34602,brown
2477,2925978,34602,brown
2478,2925979,34602,brown
2479,2925980,34602,brown
2480,2925981,34602,brown
2481,2925982,34602,brown
2482,2925983,9494,johnson
2483,2925984,34602,brown
2484,2925985,9494,johnson
2485,2925986,34602,brown
2486,2925987,9494,johnson
2487,2925988,34602,brown
2488,2925989,25470,edge
2489,2925990,9494,johnson
2490,2925991,34602,brown
2491,2925992,34602,brown
2492,2925993,25470,edge
2493,2925994,9494,johnson
2494,2925995,25470,edge
2495,2925996,9494,johnson
2496,2925997,9494,johnson
2497,2925998,34602,brown
2498,2925999,9494,johnson
2499,2926000,34602,brown
2500,2926001,9494,johnson
2501,2926002,34602,brown
2502,2926003,9494,johnson
2503,2926004,34602,brown
2504,2926005,9494,johnson
2505,2926006,34602,brown
2506,2926007,9494,johnson
2507,2926008,34602,brown
2508,2926009,9494,johnson
2509,2926010,34602,brown
2510,2926011,9494,johnson
2511,2926012,34602,brown
2512,2926013,9494,johnson
2513,2926014,34602,brown
2514,2926015,9494,johnson
2515,2926016,34602,brown
2516,2926017,9494,johnson
2517,2926018,34602,brown
2518,2926019,9494,johnson
2519,2926020,34602,brown
2520,2926021,9494,johnson
2521,2926022,9494,johnson
2522,2926023,25470,edge
2523,2926024,9494,johnson
2524,2926025,25470,edge
2525,2926026,9494,johnson
2526,2926027,34604,willard
2527,2926028,34605,griffin
2528,2926029,34604,willard
2529,2926030,34604,willard
2530,2926031,34604,willard
2531,2926032,34604,willard
2532,2926033,34605,griffin
2533,2926034,34605,griffin
2534,2926035,34604,willard
2535,2926036,34605,griffin
2536,2926037,34605,griffin
2537,2926038,34605,griffin
2538,2926039,29520,botticelli
2539,2926040,20402,kerlikowske
2540,2926041,34607,riley
2541,2926042,34607,riley
2542,2926043,34607,riley
2543,2926044,29520,botticelli
2544,2926045,20402,kerlikowske
2545,2926046,29520,botticelli
2546,2926047,20402,kerlikowske
2547,2926048,34607,riley
2548,2926049,20402,kerlikowske
2549,2926050,29520,botticelli
2550,2926051,34607,riley
2551,2926052,34607,riley
2552,2926053,34607,riley
2553,2926054,34607,riley
2554,2926055,34607,riley
2555,2926056,29520,botticelli
2556,2926057,29520,botticelli
2557,2926058,29520,botticelli
2558,2926059,20402,kerlikowske
2559,2926060,34607,riley
2560,2926061,9494,johnson
2561,2926062,9494,johnson
2562,2926063,34608,gianopoulos
2563,2926064,34610,casas-zamora
2564,2926065,28926,wood
2565,2926066,9494,johnson
2566,2926067,34608,gianopoulos
2567,2926068,9494,johnson
2568,2926069,9494,johnson
2569,2926070,34610,casas-zamora
2570,2926071,34610,casas-zamora
2571,2926072,9494,johnson
2572,2926073,28926,wood
2573,2926074,9494,johnson
2574,2926075,9494,johnson
2575,2926076,34608,gianopoulos
2576,2926077,9494,johnson
2577,2926078,34610,casas-zamora
2578,2926079,9494,johnson
2579,2926080,34610,casas-zamora
2580,2926081,9494,johnson
2581,2926082,28926,wood
2582,2926083,9494,johnson
2583,2926084,28926,wood
2584,2926085,9494,johnson
2585,2926086,28926,wood
2586,2926087,9494,johnson
2587,2926088,9494,johnson
2588,2926089,9494,johnson
2589,2926090,9494,johnson
2590,2926091,9494,johnson
2591,2926092,9494,johnson
2592,2926093,9494,johnson
2593,2926094,34610,casas-zamora
2594,2926095,34610,casas-zamora
2595,2926096,34610,casas-zamora
2596,2926097,34610,casas-zamora
2597,2926098,28926,wood
2598,2926099,34610,casas-zamora
2599,2926100,34610,casas-zamora
2600,2926101,9494,johnson
2601,2926102,9494,johnson
2602,2926103,9494,johnson
2603,2926104,9494,johnson
2604,2926105,9494,johnson
2605,2926106,9494,johnson
2606,2926107,9494,johnson
2607,2926108,34608,gianopoulos
2608,2926109,34608,gianopoulos
2609,2926110,34608,gianopoulos
2610,2926111,34608,gianopoulos
2611,2926112,34610,casas-zamora
2612,2926113,34610,casas-zamora
2613,2926114,28926,wood
2614,2926115,34610,casas-zamora
2615,2926116,9494,johnson
2616,2926117,28926,wood
2617,2926118,34610,casas-zamora
2618,2926119,34610,casas-zamora
2619,2926120,34608,gianopoulos
2620,2926121,34608,gianopoulos
2621,2926122,9494,johnson
2622,2926123,34608,gianopoulos
2623,2926124,9494,johnson
2624,2926125,34610,casas-zamora
2625,2926126,9494,johnson
2626,2926127,34608,gianopoulos
2627,2926128,9494,johnson
2628,2926129,34610,casas-zamora
2629,2926130,9494,johnson
2630,2926131,34610,casas-zamora
2631,2926132,9494,johnson
2632,2926133,28926,wood
2633,2926134,9494,johnson
2634,2926135,28926,wood
2635,2926136,9494,johnson
2636,2926137,9494,johnson
2637,2926138,9494,johnson
2638,2926139,28926,wood
2639,2926140,9494,johnson
2640,2926141,34610,casas-zamora
2641,2926142,9494,johnson
2642,2926143,9494,johnson
2643,2926144,34610,casas-zamora
2644,2926145,28926,wood
2645,2926146,28926,wood
2646,2926147,34610,casas-zamora
2647,2926148,34610,casas-zamora
2648,2926149,9494,johnson
2649,2926150,34608,gianopoulos
2650,2926151,34608,gianopoulos
2651,2926152,9494,johnson
2652,2926153,9494,johnson
2653,2926154,28926,wood
2654,2926155,9494,johnson
2655,2926156,34610,casas-zamora
2656,2926157,9494,johnson
2657,2926158,9494,johnson
2658,2926159,9494,johnson
2659,2926160,34608,gianopoulos
2660,2926161,9494,johnson
2661,2926162,9494,johnson
2662,2926163,9494,johnson
2663,2926164,9494,johnson
2664,2926165,9494,johnson
2665,2926166,34611,ducey
2666,2926167,20402,kerlikowske
2667,2926168,34612,montgomery
2668,2926169,9494,johnson
2669,2926170,34611,ducey
2670,2926171,9494,johnson
2671,2926172,20402,kerlikowske
2672,2926173,9494,johnson
2673,2926174,20402,kerlikowske
2674,2926175,9494,johnson
2675,2926176,34611,ducey
2676,2926177,9494,johnson
2677,2926178,20402,kerlikowske
2678,2926179,9494,johnson
2679,2926180,20402,kerlikowske
2680,2926181,9494,johnson
2681,2926182,20402,kerlikowske
2682,2926183,9494,johnson
2683,2926184,34611,ducey
2684,2926185,9494,johnson
2685,2926186,34611,ducey
2686,2926187,9494,johnson
2687,2926188,20402,kerlikowske
2688,2926189,20402,kerlikowske
2689,2926190,20402,kerlikowske
2690,2926191,20402,kerlikowske
2691,2926192,34612,montgomery
2692,2926193,34612,montgomery
2693,2926194,34612,montgomery
2694,2926195,20402,kerlikowske
2695,2926196,34611,ducey
2696,2926197,9494,johnson
2697,2926198,9494,johnson
2698,2926199,20402,kerlikowske
2699,2926200,34611,ducey
2700,2926201,34611,ducey
2701,2926202,9494,johnson
2702,2926203,20402,kerlikowske
2703,2926204,9494,johnson
2704,2926205,34612,montgomery
2705,2926206,9494,johnson
2706,2926207,34611,ducey
2707,2926208,9494,johnson
2708,2926209,20402,kerlikowske
2709,2926210,9494,johnson
2710,2926211,20402,kerlikowske
2711,2926212,9494,johnson
2712,2926213,34611,ducey
2713,2926214,9494,johnson
2714,2926215,34611,ducey
2715,2926216,9494,johnson
2716,2926217,34611,ducey
2717,2926218,9494,johnson
2718,2926219,9494,johnson
2719,2926220,20402,kerlikowske
2720,2926221,9494,johnson
2721,2926222,20402,kerlikowske
2722,2926223,9494,johnson
2723,2926224,34612,montgomery
2724,2926225,9494,johnson
2725,2926226,34611,ducey
2726,2926227,9494,johnson
2727,2926228,34614,mertz
2728,2926229,10260,taylor
2729,2926230,9494,johnson
2730,2926231,9494,johnson
2731,2926232,9494,johnson
2732,2926233,34614,mertz
2733,2926234,9494,johnson
2734,2926235,10260,taylor
2735,2926236,9494,johnson
2736,2926237,10260,taylor
2737,2926238,9494,johnson
2738,2926239,10260,taylor
2739,2926240,9494,johnson
2740,2926241,10260,taylor
2741,2926242,9494,johnson
2742,2926243,10260,taylor
2743,2926244,9494,johnson
2744,2926245,9494,johnson
2745,2926246,9494,johnson
2746,2926247,9494,johnson
2747,2926248,9494,johnson
2748,2926249,9494,johnson
2749,2926250,34614,mertz
2750,2926251,9494,johnson
2751,2926252,9494,johnson
2752,2926253,9494,johnson
2753,2926254,9494,johnson
2754,2926255,34614,mertz
2755,2926256,9494,johnson
2756,2926257,9494,johnson
2757,2926258,9494,johnson
2758,2926259,9494,johnson
2759,2926260,9494,johnson
2760,2926261,10260,taylor
2761,2926262,9494,johnson
2762,2926263,24982,johnson
2763,2926264,2976,carper
2764,2926265,24982,johnson
2765,2926266,2976,carper
2766,2926267,24982,johnson
2767,2926268,2976,carper
2768,2926269,24982,johnson
2769,2926270,25403,hatchett
2770,2926271,34615,redd
2771,2926272,34616,shea
2772,2926273,34617,firoved
2773,2926274,34618,currie
2774,2926275,24982,johnson
2775,2926276,25403,hatchett
2776,2926277,24982,johnson
2777,2926278,34615,redd
2778,2926279,24982,johnson
2779,2926280,34615,redd
2780,2926281,24982,johnson
2781,2926282,34616,shea
2782,2926283,24982,johnson
2783,2926284,34617,firoved
2784,2926285,24982,johnson
2785,2926286,34618,currie
2786,2926287,24982,johnson
2787,2926288,34616,shea
2788,2926289,24982,johnson
2789,2926290,34616,shea
2790,2926291,24982,johnson
2791,2926292,34616,shea
2792,2926293,24982,johnson
2793,2926294,34616,shea
2794,2926295,24982,johnson
2795,2926296,34616,shea
2796,2926297,24982,johnson
2797,2926298,34616,shea
2798,2926299,24982,johnson
2799,2926300,34617,firoved
2800,2926301,24982,johnson
2801,2926302,34615,redd
2802,2926303,24982,johnson
2803,2926304,34615,redd
2804,2926305,24982,johnson
2805,2926306,34615,redd
2806,2926307,24982,johnson
2807,2926308,34615,redd
2808,2926309,24982,johnson
2809,2926310,34615,redd
2810,2926311,24982,johnson
2811,2926312,34615,redd
2812,2926313,24982,johnson
2813,2926314,34615,redd
2814,2926315,24982,johnson
2815,2926316,34615,redd
2816,2926317,24982,johnson
2817,2926318,34615,redd
2818,2926319,24982,johnson
2819,2926320,34615,redd
2820,2926321,24982,johnson
2821,2926322,34615,redd
2822,2926323,24982,johnson
2823,2926324,34615,redd
2824,2926325,24982,johnson
2825,2926326,24982,johnson
2826,2926327,34615,redd
2827,2926328,24982,johnson
2828,2926329,34615,redd
2829,2926330,24982,johnson
2830,2926331,34615,redd
2831,2926332,24982,johnson
2832,2926333,34615,redd
2833,2926334,24982,johnson
2834,2926335,34615,redd
2835,2926336,24982,johnson
2836,2926337,25403,hatchett
2837,2926338,24982,johnson
2838,2926339,25403,hatchett
2839,2926340,24982,johnson
2840,2926341,25403,hatchett
2841,2926342,34618,currie
2842,2926343,2976,carper
2843,2926344,34618,currie
2844,2926345,2976,carper
2845,2926346,34618,currie
2846,2926347,2976,carper
2847,2926348,25403,hatchett
2848,2926349,2976,carper
2849,2926350,25403,hatchett
2850,2926351,2976,carper
2851,2926352,34615,redd
2852,2926353,2976,carper
2853,2926354,30617,booker
2854,2926355,25403,hatchett
2855,2926356,30617,booker
2856,2926357,25403,hatchett
2857,2926358,30617,booker
2858,2926359,34615,redd
2859,2926360,30617,booker
2860,2926361,34615,redd
2861,2926362,30617,booker
2862,2926363,34615,redd
2863,2926364,30617,booker
2864,2926365,34615,redd
2865,2926366,30617,booker
2866,2926367,34615,redd
2867,2926368,30617,booker
2868,2926369,2976,carper
2869,2926370,20893,peters
2870,2926371,25403,hatchett
2871,2926372,20893,peters
2872,2926373,34615,redd
2873,2926374,20893,peters
2874,2926375,34615,redd
2875,2926376,20893,peters
2876,2926377,34617,firoved
2877,2926378,20893,peters
2878,2926379,2976,carper
2879,2926380,34058,ernst
2880,2926381,34618,currie
2881,2926382,34058,ernst
2882,2926383,25403,hatchett
2883,2926384,34058,ernst
2884,2926385,34616,shea
2885,2926386,34058,ernst
2886,2926387,34617,firoved
2887,2926388,34058,ernst
2888,2926389,34615,redd
2889,2926390,34058,ernst
2890,2926391,2976,carper
2891,2926392,34058,ernst
2892,2926393,2976,carper
2893,2926394,34058,ernst
2894,2926395,2976,carper
2895,2926396,99,portman
2896,2926397,25403,hatchett
2897,2926398,34615,redd
2898,2926399,99,portman
2899,2926400,2976,carper
2900,2926401,34058,ernst
2901,2926402,2976,carper
2902,2926403,34058,ernst
2903,2926404,2976,carper
2904,2926405,34058,ernst
2905,2926406,34616,shea
2906,2926407,34058,ernst
2907,2926408,34616,shea
2908,2926409,34058,ernst
2909,2926410,18403,mccaskill
2910,2926411,34617,firoved
2911,2926412,18403,mccaskill
2912,2926413,34617,firoved
2913,2926414,18403,mccaskill
2914,2926415,25403,hatchett
2915,2926416,18403,mccaskill
2916,2926417,25403,hatchett
2917,2926418,18403,mccaskill
2918,2926419,25403,hatchett
2919,2926420,18403,mccaskill
2920,2926421,25403,hatchett
2921,2926422,18403,mccaskill
2922,2926423,24982,johnson
2923,2926424,18403,mccaskill
2924,2926425,25403,hatchett
2925,2926426,24982,johnson
2926,2926427,25403,hatchett
2927,2926428,18403,mccaskill
2928,2926429,25403,hatchett
2929,2926430,18403,mccaskill
2930,2926431,25403,hatchett
2931,2926432,18403,mccaskill
2932,2926433,25403,hatchett
2933,2926434,18403,mccaskill
2934,2926435,25403,hatchett
2935,2926436,18403,mccaskill
2936,2926437,24982,johnson
2937,2926438,2976,carper
2938,2926439,34616,shea
2939,2926440,2976,carper
2940,2926441,34615,redd
2941,2926442,2976,carper
2942,2926443,34615,redd
2943,2926444,2976,carper
2944,2926445,34615,redd
2945,2926446,2976,carper
2946,2926447,34615,redd
2947,2926448,2976,carper
2948,2926449,24982,johnson
2949,2926450,34615,redd
2950,2926451,24982,johnson
2951,2926452,34615,redd
2952,2926453,24982,johnson
2953,2926454,25403,hatchett
2954,2926455,24982,johnson
2955,2926456,34615,redd
2956,2926457,24982,johnson
2957,2926458,34616,shea
2958,2926459,24982,johnson
2959,2926460,34617,firoved
2960,2926461,24982,johnson
2961,2926462,34618,currie
2962,2926463,24982,johnson
2963,2926464,25821,lankford
2964,2926465,28513,mccabe
2965,2926466,26005,rusco
2966,2926467,25821,lankford
2967,2926468,30657,heitkamp
2968,2926469,25821,lankford
2969,2926470,26005,rusco
2970,2926471,25821,lankford
2971,2926472,28513,mccabe
2972,2926473,25821,lankford
2973,2926474,34058,ernst
2974,2926475,26005,rusco
2975,2926476,34058,ernst
2976,2926477,28513,mccabe
2977,2926478,34058,ernst
2978,2926479,25821,lankford
2979,2926480,30657,heitkamp
2980,2926481,25821,lankford
2981,2926482,26005,rusco
2982,2926483,30657,heitkamp
2983,2926484,28513,mccabe
2984,2926485,30657,heitkamp
2985,2926486,26005,rusco
2986,2926487,30657,heitkamp
2987,2926488,26005,rusco
2988,2926489,30657,heitkamp
2989,2926490,26005,rusco
2990,2926491,30657,heitkamp
2991,2926492,26005,rusco
2992,2926493,30657,heitkamp
2993,2926494,25821,lankford
2994,2926495,28513,mccabe
2995,2926496,25821,lankford
2996,2926497,28513,mccabe
2997,2926498,25821,lankford
2998,2926499,28513,mccabe
2999,2926500,25821,lankford
3000,2926501,28513,mccabe
3001,2926502,25821,lankford
3002,2926503,26005,rusco
3003,2926504,25821,lankford
3004,2926505,28513,mccabe
3005,2926506,25821,lankford
3006,2926507,28513,mccabe
3007,2926508,25821,lankford
3008,2926509,26005,rusco
3009,2926510,25821,lankford
3010,2926511,26005,rusco
3011,2926512,25821,lankford
3012,2926513,28513,mccabe
3013,2926514,25821,lankford
3014,2926515,30657,heitkamp
3015,2926516,25821,lankford
3016,2926517,30657,heitkamp
3017,2926518,25821,lankford
3018,2926519,30657,heitkamp
3019,2926520,25821,lankford
3020,2926521,26005,rusco
3021,2926522,25821,lankford
3022,2926523,26005,rusco
3023,2926524,25821,lankford
3024,2926525,28513,mccabe
3025,2926526,25821,lankford
3026,2926527,28513,mccabe
3027,2926528,25821,lankford
3028,2926529,28513,mccabe
3029,2926530,25821,lankford
3030,2926531,28513,mccabe
3031,2926532,25821,lankford
3032,2926533,28513,mccabe
3033,2926534,25821,lankford
3034,2926535,28513,mccabe
3035,2926536,25821,lankford
3036,2926537,28513,mccabe
3037,2926538,25821,lankford
3038,2926539,28513,mccabe
3039,2926540,25821,lankford
3040,2926541,30657,heitkamp
3041,2926542,28513,mccabe
3042,2926543,25821,lankford
3043,2926544,30657,heitkamp
3044,2926545,25821,lankford
3045,2926546,28513,mccabe
3046,2926547,25821,lankford
3047,2926548,28513,mccabe
3048,2926549,25821,lankford
3049,2926550,28513,mccabe
3050,2926551,25821,lankford
3051,2926552,25821,lankford
3052,2926553,28513,mccabe
3053,2926554,25821,lankford
3054,2926555,28513,mccabe
3055,2926556,25821,lankford
3056,2926557,30657,heitkamp
3057,2926558,25821,lankford
3058,2926559,25821,lankford
3059,2926560,30657,heitkamp
3060,2926561,25821,lankford
3061,2926562,1482,dodaro
3062,2926563,25821,lankford
3063,2926564,1482,dodaro
3064,2926565,31357,horowitz
3065,2926566,34619,crumpacker
3066,2926567,25821,lankford
3067,2926568,1482,dodaro
3068,2926569,25821,lankford
3069,2926570,31357,horowitz
3070,2926571,25821,lankford
3071,2926572,34619,crumpacker
3072,2926573,25821,lankford
3073,2926574,18392,tester
3074,2926575,1482,dodaro
3075,2926576,18392,tester
3076,2926577,34619,crumpacker
3077,2926578,18392,tester
3078,2926579,1482,dodaro
3079,2926580,18392,tester
3080,2926581,1482,dodaro
3081,2926582,18392,tester
3082,2926583,1482,dodaro
3083,2926584,18392,tester
3084,2926585,1482,dodaro
3085,2926586,18392,tester
3086,2926587,1482,dodaro
3087,2926588,18392,tester
3088,2926589,1482,dodaro
3089,2926590,18392,tester
3090,2926591,31357,horowitz
3091,2926592,18392,tester
3092,2926593,1482,dodaro
3093,2926594,18392,tester
3094,2926595,31357,horowitz
3095,2926596,18392,tester
3096,2926597,31357,horowitz
3097,2926598,18392,tester
3098,2926599,1482,dodaro
3099,2926600,18392,tester
3100,2926601,1482,dodaro
3101,2926602,18392,tester
3102,2926603,1482,dodaro
3103,2926604,18392,tester
3104,2926605,31357,horowitz
3105,2926606,18392,tester
3106,2926607,31357,horowitz
3107,2926608,18392,tester
3108,2926609,1482,dodaro
3109,2926610,18392,tester
3110,2926611,1482,dodaro
3111,2926612,18392,tester
3112,2926613,1482,dodaro
3113,2926614,18392,tester
3114,2926615,1482,dodaro
3115,2926616,18392,tester
3116,2926617,1482,dodaro
3117,2926618,18392,tester
3118,2926619,1482,dodaro
3119,2926620,18392,tester
3120,2926621,25821,lankford
3121,2926622,1482,dodaro
3122,2926623,25821,lankford
3123,2926624,1482,dodaro
3124,2926625,25821,lankford
3125,2926626,34058,ernst
3126,2926627,1482,dodaro
3127,2926628,34058,ernst
3128,2926629,1482,dodaro
3129,2926630,34058,ernst
3130,2926631,1482,dodaro
3131,2926632,34058,ernst
3132,2926633,1482,dodaro
3133,2926634,34058,ernst
3134,2926635,25821,lankford
3135,2926636,30657,heitkamp
3136,2926637,1482,dodaro
3137,2926638,30657,heitkamp
3138,2926639,1482,dodaro
3139,2926640,30657,heitkamp
3140,2926641,1482,dodaro
3141,2926642,30657,heitkamp
3142,2926643,31357,horowitz
3143,2926644,30657,heitkamp
3144,2926645,31357,horowitz
3145,2926646,30657,heitkamp
3146,2926647,34619,crumpacker
3147,2926648,30657,heitkamp
3148,2926649,25821,lankford
3149,2926650,1482,dodaro
3150,2926651,25821,lankford
3151,2926652,1482,dodaro
3152,2926653,25821,lankford
3153,2926654,31357,horowitz
3154,2926655,30657,heitkamp
3155,2926656,34619,crumpacker
3156,2926657,30657,heitkamp
3157,2926658,34619,crumpacker
3158,2926659,30657,heitkamp
3159,2926660,1482,dodaro
3160,2926661,25821,lankford
3161,2926662,1482,dodaro
3162,2926663,25821,lankford
3163,2926664,34619,crumpacker
3164,2926665,25821,lankford
3165,2926666,34619,crumpacker
3166,2926667,25821,lankford
3167,2926668,34619,crumpacker
3168,2926669,25821,lankford
3169,2926670,34619,crumpacker
3170,2926671,25821,lankford
3171,2926672,34619,crumpacker
3172,2926673,25821,lankford
3173,2926674,34619,crumpacker
3174,2926675,25821,lankford
3175,2926676,34619,crumpacker
3176,2926677,25821,lankford
3177,2926678,31357,horowitz
3178,2926679,25821,lankford
3179,2926680,99,portman
3180,2926681,1482,dodaro
3181,2926682,99,portman
3182,2926683,1482,dodaro
3183,2926684,99,portman
3184,2926685,1482,dodaro
3185,2926686,99,portman
3186,2926687,34619,crumpacker
3187,2926688,99,portman
3188,2926689,34619,crumpacker
3189,2926690,99,portman
3190,2926691,31357,horowitz
3191,2926692,99,portman
3192,2926693,31357,horowitz
3193,2926694,99,portman
3194,2926695,31357,horowitz
3195,2926696,99,portman
3196,2926697,31357,horowitz
3197,2926698,99,portman
3198,2926699,1482,dodaro
3199,2926700,99,portman
3200,2926701,1482,dodaro
3201,2926702,99,portman
3202,2926703,1482,dodaro
3203,2926704,99,portman
3204,2926705,30657,heitkamp
3205,2926706,1482,dodaro
3206,2926707,30657,heitkamp
3207,2926708,1482,dodaro
3208,2926709,30657,heitkamp
3209,2926710,1482,dodaro
3210,2926711,25821,lankford
3211,2926712,1482,dodaro
3212,2926713,25821,lankford
3213,2926714,1482,dodaro
3214,2926715,99,portman
3215,2926716,1482,dodaro
3216,2926717,99,portman
3217,2926718,1482,dodaro
3218,2926719,99,portman
3219,2926720,1482,dodaro
3220,2926721,99,portman
3221,2926722,25821,lankford
3222,2926723,31357,horowitz
3223,2926724,25821,lankford
3224,2926725,31357,horowitz
3225,2926726,25821,lankford
3226,2926727,31357,horowitz
3227,2926728,25821,lankford
3228,2926729,31357,horowitz
3229,2926730,25821,lankford
3230,2926731,30657,heitkamp
3231,2926732,1482,dodaro
3232,2926733,30657,heitkamp
3233,2926734,31357,horowitz
3234,2926735,30657,heitkamp
3235,2926736,31357,horowitz
3236,2926737,1482,dodaro
3237,2926738,30657,heitkamp
3238,2926739,1482,dodaro
3239,2926740,30657,heitkamp
3240,2926741,1482,dodaro
3241,2926742,30657,heitkamp
3242,2926743,25821,lankford
3243,2926744,31357,horowitz
3244,2926745,25821,lankford
3245,2926746,31357,horowitz
3246,2926747,25821,lankford
3247,2926748,31357,horowitz
3248,2926749,30657,heitkamp
3249,2926750,1482,dodaro
3250,2926751,25821,lankford
3251,2926752,30657,heitkamp
3252,2926753,1482,dodaro
3253,2926754,25821,lankford
3254,2926755,25821,lankford
3255,2926756,30657,heitkamp
3256,2926757,25821,lankford
3257,2926758,34624,barab
3258,2926759,34625,shinkman
3259,2926760,25821,lankford
3260,2926761,34624,barab
3261,2926762,25821,lankford
3262,2926763,34625,shinkman
3263,2926764,25821,lankford
3264,2926765,20893,peters
3265,2926766,34625,shinkman
3266,2926767,20893,peters
3267,2926768,34625,shinkman
3268,2926769,20893,peters
3269,2926770,34625,shinkman
3270,2926771,20893,peters
3271,2926772,25821,lankford
3272,2926773,99,portman
3273,2926774,34625,shinkman
3274,2926775,99,portman
3275,2926776,34624,barab
3276,2926777,99,portman
3277,2926778,99,portman
3278,2926779,34624,barab
3279,2926780,99,portman
3280,2926781,25821,lankford
3281,2926782,34625,shinkman
3282,2926783,99,portman
3283,2926784,99,portman
3284,2926785,34058,ernst
3285,2926786,34625,shinkman
3286,2926787,34058,ernst
3287,2926788,34625,shinkman
3288,2926789,34058,ernst
3289,2926790,34625,shinkman
3290,2926791,34058,ernst
3291,2926792,34625,shinkman
3292,2926793,34058,ernst
3293,2926794,34625,shinkman
3294,2926795,34058,ernst
3295,2926796,34058,ernst
3296,2926797,34625,shinkman
3297,2926798,34058,ernst
3298,2926799,25821,lankford
3299,2926800,30657,heitkamp
3300,2926801,34624,barab
3301,2926802,30657,heitkamp
3302,2926803,34624,barab
3303,2926804,30657,heitkamp
3304,2926805,34624,barab
3305,2926806,30657,heitkamp
3306,2926807,34624,barab
3307,2926808,30657,heitkamp
3308,2926809,34624,barab
3309,2926810,30657,heitkamp
3310,2926811,34624,barab
3311,2926812,30657,heitkamp
3312,2926813,34625,shinkman
3313,2926814,30657,heitkamp
3314,2926815,34625,shinkman
3315,2926816,30657,heitkamp
3316,2926817,34624,barab
3317,2926818,30657,heitkamp
3318,2926819,34624,barab
3319,2926820,30657,heitkamp
3320,2926821,30657,heitkamp
3321,2926822,34624,barab
3322,2926823,30657,heitkamp
3323,2926824,34624,barab
3324,2926825,25821,lankford
3325,2926826,34625,shinkman
3326,2926827,25821,lankford
3327,2926828,34625,shinkman
3328,2926829,25821,lankford
3329,2926830,34625,shinkman
3330,2926831,25821,lankford
3331,2926832,34625,shinkman
3332,2926833,25821,lankford
3333,2926834,34625,shinkman
3334,2926835,25821,lankford
3335,2926836,34625,shinkman
3336,2926837,25821,lankford
3337,2926838,34624,barab
3338,2926839,25821,lankford
3339,2926840,34624,barab
3340,2926841,25821,lankford
3341,2926842,34625,shinkman
3342,2926843,25821,lankford
3343,2926844,34625,shinkman
3344,2926845,25821,lankford
3345,2926846,34625,shinkman
3346,2926847,34625,shinkman
3347,2926848,25821,lankford
3348,2926849,34625,shinkman
3349,2926850,34625,shinkman
3350,2926851,25821,lankford
3351,2926852,34624,barab
3352,2926853,25821,lankford
3353,2926854,34624,barab
3354,2926855,25821,lankford
3355,2926856,34624,barab
3356,2926857,34624,barab
3357,2926858,25821,lankford
3358,2926859,34624,barab
3359,2926860,25821,lankford
3360,2926861,25821,lankford
3361,2926862,34624,barab
3362,2926863,25821,lankford
3363,2926864,34624,barab
3364,2926865,30657,heitkamp
3365,2926866,34624,barab
3366,2926867,30657,heitkamp
3367,2926868,30657,heitkamp
3368,2926869,34624,barab
3369,2926870,34624,barab
3370,2926871,30657,heitkamp
3371,2926872,34624,barab
3372,2926873,30657,heitkamp
3373,2926874,25821,lankford
3374,2926875,34624,barab
3375,2926876,25821,lankford
3376,2926877,34624,barab
3377,2926878,34624,barab
3378,2926879,25821,lankford
3379,2926880,34624,barab
3380,2926881,25821,lankford
3381,2926882,34625,shinkman
3382,2926883,25821,lankford
3383,2926884,34625,shinkman
3384,2926885,25821,lankford
3385,2926886,34625,shinkman
3386,2926887,25821,lankford
3387,2926888,34625,shinkman
3388,2926889,25821,lankford
3389,2926890,34625,shinkman
3390,2926891,25821,lankford
3391,2926892,34625,shinkman
3392,2926893,25821,lankford
3393,2926894,34625,shinkman
3394,2926895,25821,lankford
3395,2926896,34625,shinkman
3396,2926897,25821,lankford
3397,2926898,34625,shinkman
3398,2926899,25821,lankford
3399,2926900,34625,shinkman
3400,2926901,25821,lankford
3401,2926902,34625,shinkman
3402,2926903,25821,lankford
